Date, Close/Last, Volume, Open, High, Low
01/28/2021, $26.71, 7819099, $26.76, $27.45, $26.06
01/27/2021, $25.45, 7976574, $26.28, $27.02, $25.2001
01/26/2021, $26.86, 3390666, $27.41, $27.96, $26.79
01/25/2021, $27.26, 5208525, $27.34, $27.89, $26.07
01/22/2021, $27.67, 3078762, $26.8, $27.69, $26.66
01/21/2021, $27.47, 5509268, $27.32, $27.7, $26.53
01/20/2021, $27.79, 5077732, $26.89, $27.9, $26.66
01/19/2021, $26.65, 3456175, $26.27, $26.79, $26.0548
01/15/2021, $25.73, 4730624, $26.5, $27.04, $25.71
01/14/2021, $27.21, 8306121, $25.5, $27.77, $25.445
01/13/2021, $25.16, 3092565, $25, $25.35, $24.53
01/12/2021, $25.17, 3399510, $24.5, $25.4, $24.2615
01/11/2021, $24.43, 3125979, $23.81, $24.44, $23.62
01/08/2021, $24.45, 4012483, $24.82, $24.84, $24.11
01/07/2021, $24.47, 3552067, $24.49, $24.94, $24.35
01/06/2021, $24.3, 4795676, $23.42, $24.8213, $23.42
01/05/2021, $23.84, 3982102, $22.93, $24.3, $22.87
01/04/2021, $23.06, 5786092, $24.75, $24.76, $22.93
12/31/2020, $24.45, 3548551, $24.7, $24.8914, $24.21
12/30/2020, $24.87, 3427572, $24.62, $25.34, $24.56
12/29/2020, $24.68, 3917613, $25.42, $25.57, $24.52
12/28/2020, $25.07, 4295602, $24.96, $25.47, $24.6202
12/24/2020, $24.42, 2618194, $24.79, $24.83, $24.054
12/23/2020, $24.55, 3952620, $24.2, $24.93, $24.2
12/22/2020, $24.04, 6457531, $25.43, $25.54, $24
12/21/2020, $25.37, 7060216, $25, $25.48, $24.54
12/18/2020, $25.88, 6798564, $26.46, $26.68, $25.82
12/17/2020, $26.57, 5934483, $26.34, $26.96, $25.9324
12/16/2020, $26.16, 8929249, $25.81, $26.61, $25.17
12/15/2020, $26.68, 6220375, $26.3, $26.829, $25.575
12/14/2020, $25.99, 7026502, $26.95, $27, $25.53
12/11/2020, $26.23, 16229450, $27.26, $27.45, $25.58
12/10/2020, $27.03, 6451558, $25.4, $27.2, $25.2771
12/09/2020, $26.14, 12366090, $26.94, $27.48, $25.75
12/08/2020, $26.3, 7096425, $25.29, $26.33, $25.14
12/07/2020, $25.41, 9366605, $25.6, $26.2146, $25.16
12/04/2020, $25.76, 10464670, $25.11, $25.98, $24.82
12/03/2020, $24.53, 12405710, $23.5, $25.28, $23.5
12/02/2020, $23.12, 6213723, $22.31, $23.24, $22.18
12/01/2020, $22.57, 7985382, $22.72, $23.215, $22.47
11/30/2020, $22.63, 9461592, $23.31, $23.42, $21.83
11/27/2020, $23.37, 5034723, $23.25, $23.54, $22.88
11/25/2020, $22.98, 9100906, $22.76, $23.07, $21.85
11/24/2020, $22.88, 11418710, $22, $22.9, $21.81
11/23/2020, $21.07, 7780950, $20.7, $21.14, $20.56
11/20/2020, $20.33, 6377589, $20.69, $20.8361, $20.0604
11/19/2020, $20.89, 6166767, $20.33, $21, $20.1599
11/18/2020, $20.31, 9940457, $20.66, $21.7, $20.31
11/17/2020, $20.19, 6579766, $19.87, $20.55, $19.59
11/16/2020, $20.43, 13841320, $21.355, $21.36, $19.96
11/13/2020, $19.73, 11697910, $18.39, $19.99, $18.385
11/12/2020, $18.11, 11611820, $18.72, $19.29, $17.9799
11/11/2020, $19.4, 8216887, $20.01, $20.0613, $19.12
11/10/2020, $20.17, 13026560, $21.13, $21.6061, $19.7
11/09/2020, $21.31, 24303900, $21.44, $22.98, $20.19
11/06/2020, $17.69, 5343971, $17.71, $17.84, $17.34
11/05/2020, $17.95, 7153156, $17.41, $18.05, $17.32
11/04/2020, $17.22, 5614314, $17.3, $17.85, $17.03
11/03/2020, $17.7, 6017920, $17.77, $18.19, $17.555
11/02/2020, $17.6, 6840129, $17.52, $17.7199, $16.8017
10/30/2020, $17.57, 11339880, $17.28, $17.985, $16.96
10/29/2020, $17.04, 13417400, $15.75, $17.3382, $15.63
10/28/2020, $15.56, 11594660, $16, $16.2, $15.45
10/27/2020, $16.53, 5557160, $17.1, $17.2783, $16.51
10/26/2020, $17.13, 9267622, $18.09, $18.16, $16.73
10/23/2020, $18.58, 10883150, $17.73, $18.7, $17.72
10/22/2020, $17.96, 16419740, $16.53, $18.15, $16.51
10/21/2020, $16.41, 8862149, $16.98, $16.99, $16.25
10/20/2020, $17.11, 7155931, $16.7, $17.2222, $16.54
10/19/2020, $16.4, 6611864, $16.4, $16.87, $16.1602
10/16/2020, $16.18, 5748609, $16.14, $16.41, $16
10/15/2020, $16.1, 8677959, $16.27, $16.33, $15.85
10/14/2020, $16.44, 5599751, $16.25, $16.81, $16.25
10/13/2020, $16.2, 8095715, $16.37, $16.4772, $16.08
10/12/2020, $16.7, 5863834, $17.03, $17.16, $16.7
10/09/2020, $17.27, 7818996, $17, $17.35, $16.7
10/08/2020, $17.04, 10565900, $17, $17.35, $16.58
10/07/2020, $16.55, 10517640, $16.5, $16.61, $16.05
10/06/2020, $15.75, 11283310, $16.6, $16.82, $15.75
10/05/2020, $16.38, 8062968, $16.66, $16.83, $16.23
10/02/2020, $16.71, 13790190, $15.5, $16.82, $15.46
10/01/2020, $16.38, 5104509, $16.3, $16.46, $16.05
09/30/2020, $16.1, 8047198, $16.18, $16.84, $16.06
09/29/2020, $16.02, 7278223, $16.4, $16.42, $15.86
09/28/2020, $16.53, 7106164, $16.68, $17.045, $16.28
09/25/2020, $16.2, 5318559, $15.65, $16.26, $15.62
09/24/2020, $15.71, 8803497, $15.93, $16, $15.055
09/23/2020, $16.08, 6103044, $16.68, $17.25, $16.08
09/22/2020, $16.55, 4972514, $16.33, $16.76, $16.2
09/21/2020, $16.23, 14242080, $17.26, $17.29, $15.9
09/18/2020, $17.7, 7024044, $18.03, $18.18, $17.52
09/17/2020, $18.1, 5784758, $18.32, $18.78, $18.04
09/16/2020, $18.55, 8707226, $18.12, $18.9, $17.71
09/15/2020, $18.08, 6537732, $17.86, $18.495, $17.82
09/14/2020, $17.83, 7048336, $17.53, $17.9, $17.26
09/11/2020, $17.28, 6084088, $17.52, $17.75, $17.05
09/10/2020, $17.48, 7950090, $17.59, $18.05, $17.39
09/09/2020, $17.54, 12997050, $18.07, $18.262, $17.28
09/08/2020, $18.37, 11239000, $17.51, $18.94, $17.35
09/04/2020, $17.88, 12408740, $18.01, $18.25, $16.955
09/03/2020, $17.73, 14574650, $17.93, $18.73, $17.19
09/02/2020, $17.61, 9388425, $17.52, $17.73, $17.055
09/01/2020, $17.59, 9620491, $17.6, $18.07, $17.3
08/31/2020, $17.88, 9822618, $18.43, $18.675, $17.85
08/28/2020, $18.49, 9456696, $18.65, $18.65, $18.08
08/27/2020, $18.31, 13763050, $18.24, $19.19, $18.06
08/26/2020, $17.7, 4765547, $17.9, $18.12, $17.655
08/25/2020, $17.99, 8610615, $18.48, $18.64, $17.57
08/24/2020, $18.21, 13389730, $17.16, $18.52, $17.035
08/21/2020, $16.98, 5628172, $17.15, $17.42, $16.85
08/20/2020, $17.21, 5460031, $16.95, $17.3487, $16.73
08/19/2020, $17.19, 8801594, $17.47, $18.1357, $17.16
08/18/2020, $17.32, 5844253, $17.06, $17.4, $16.81
08/17/2020, $17.06, 6854273, $17.7, $17.77, $16.79
08/14/2020, $17.76, 5311789, $17.41, $17.88, $17.23
08/13/2020, $17.55, 7051311, $17.48, $18.3474, $17.38
08/12/2020, $17.85, 9142151, $18.37, $18.54, $17.311
08/11/2020, $18.04, 16288500, $19.55, $19.55, $17.89
08/10/2020, $18.3, 14411390, $17.53, $18.66, $17.5087
08/07/2020, $17.28, 7823813, $16.97, $17.33, $16.77
08/06/2020, $17.26, 10967270, $17.3, $17.6499, $16.8387
08/05/2020, $17.15, 16143430, $16.95, $17.52, $16.4
08/04/2020, $16.5, 15034920, $15.46, $16.94, $15.45
08/03/2020, $15.37, 15842450, $15.74, $15.8, $14.65
07/31/2020, $15.81, 11920470, $16.04, $16.265, $15.42
07/30/2020, $16.24, 8206604, $16.1, $16.38, $15.94
07/29/2020, $16.45, 8039296, $16.56, $16.72, $16.1301
07/28/2020, $16.54, 10390070, $16.07, $16.97, $16.06
07/27/2020, $16.15, 11741090, $16.49, $16.84, $16.01
07/24/2020, $16.47, 12735360, $16.81, $16.81, $16.16
07/23/2020, $16.84, 25061640, $16.51, $17.82, $15.925
07/22/2020, $16.66, 9376479, $16.54, $17.25, $16.4866
07/21/2020, $16.65, 12062430, $16.9, $17.1934, $16.54
07/20/2020, $16.65, 10734750, $17.61, $17.88, $16.61
07/17/2020, $17.61, 10432140, $18, $18.388, $17.575
07/16/2020, $18.06, 14308800, $18.2, $18.6634, $17.78
07/15/2020, $19.36, 25489810, $18.27, $19.5, $18.03
07/14/2020, $17.27, 11869510, $16.34, $17.3, $16.03
07/13/2020, $16.72, 17931130, $17.58, $17.82, $16.47
07/10/2020, $17.53, 20584910, $15.8, $17.64, $15.66
07/09/2020, $15.91, 13143120, $16.54, $16.65, $15.54
07/08/2020, $16.71, 14589560, $16.26, $16.8385, $15.85
07/07/2020, $16.77, 10971730, $17.11, $17.28, $16.77
07/06/2020, $17.74, 16527040, $17.9, $18.1239, $16.7298
07/02/2020, $17.4, 17850260, $18.6, $18.72, $17.4
07/01/2020, $17.73, 22493330, $18.23, $19.43, $17.57
06/30/2020, $17.8, 12380550, $17.65, $18.26, $17.27
06/29/2020, $18, 21356680, $16.44, $18.12, $16
06/26/2020, $16.58, 21324770, $17.29, $17.39, $15.96
06/25/2020, $17.4, 24623020, $15.75, $17.47, $15.64
06/24/2020, $16.92, 22619940, $18.08, $18.41, $16.61
06/23/2020, $18.78, 17364380, $18.85, $18.93, $17.79
06/22/2020, $18.5, 18337810, $18.2, $18.95, $18.01
06/19/2020, $18.81, 28527480, $20.23, $20.5, $18.35
06/18/2020, $19.9, 22637000, $19.15, $20.48, $18.9
06/17/2020, $19.92, 24826580, $20, $20.45, $19.3
06/16/2020, $20.72, 40883900, $22.29, $22.5, $20.4
06/15/2020, $19.73, 45681870, $17.04, $20.33, $16.85
06/12/2020, $18.82, 49741650, $18.53, $19.12, $17.36
06/11/2020, $16.08, 51903260, $16.03, $18.0899, $15.7
06/10/2020, $19.47, 60714120, $20.6, $21.4, $17.94
06/09/2020, $22.76, 33689070, $23.68, $24.08, $21.66
06/08/2020, $25.56, 41082850, $24.8, $25.6, $22.8
06/05/2020, $22.62, 77891180, $25.06, $25.935, $21.26
06/04/2020, $21.02, 104649400, $19.88, $21.74, $18.55
06/03/2020, $17.31, 61737440, $14.99, $17.525, $14.8
06/02/2020, $14.49, 36648830, $14.55, $14.9, $14.02
06/01/2020, $13.96, 37437930, $13, $14.4, $13
05/29/2020, $12.95, 23683320, $12.17, $13.3, $12
05/28/2020, $12.93, 29020090, $13.54, $13.77, $12.7199
05/27/2020, $13.9, 60376470, $14.06, $14.53, $12.17
05/26/2020, $12.31, 44012570, $11.53, $12.59, $11.26
05/22/2020, $10.17, 17173020, $10.45, $10.47, $9.86
05/21/2020, $10.07, 19266540, $9.74, $10.29, $9.67
05/20/2020, $9.75, 18636620, $9.98, $10.15, $9.63
05/19/2020, $9.69, 26109320, $10.61, $10.61, $9.565
05/18/2020, $9.99, 29016840, $8.81, $10.19, $8.81
05/15/2020, $8.01, 12410160, $8.11, $8.46, $7.92
05/14/2020, $8.3, 20140000, $8.03, $8.59, $7.25
05/13/2020, $8.2, 29060850, $9.42, $9.42, $8.02
05/12/2020, $9.45, 16551610, $10.2, $10.49, $9.42
05/11/2020, $10.19, 16022510, $10.3, $10.55, $10.12
05/08/2020, $10.56, 44773970, $10.19, $10.69, $9.95
05/07/2020, $10.51, 39036880, $9.85, $10.72, $9.52
05/06/2020, $11.55, 7369349, $12.35, $12.56, $11.3102
05/05/2020, $12.31, 4956406, $13.5, $13.6834, $12.16
05/04/2020, $12.9, 8277809, $11.89, $12.99, $11.4925
05/01/2020, $13.17, 6761523, $14.08, $14.56, $13.1
04/30/2020, $15.02, 6544848, $14.91, $15.48, $14.03
04/29/2020, $15.38, 12656710, $15.55, $16.49, $15.1
04/28/2020, $14.34, 10119830, $12.48, $14.54, $12.4301
04/27/2020, $12.25, 4958630, $12.45, $12.78, $12.125
04/24/2020, $12.15, 4392947, $11.97, $12.23, $11.61
04/23/2020, $11.8, 5410064, $12, $12.49, $11.73
04/22/2020, $11.93, 6159854, $12.98, $13.04, $11.5
04/21/2020, $12.75, 3299547, $12.5, $12.9, $12.28
04/20/2020, $12.95, 5217535, $12.79, $13.3229, $12.51
04/17/2020, $13.35, 4411687, $13.44, $13.67, $13.04
04/16/2020, $12.66, 5562034, $13.42, $13.5, $12.3704
04/15/2020, $13.76, 7367582, $14.12, $14.23, $13.33
04/14/2020, $13.88, 5860587, $14.31, $14.55, $13.6
04/13/2020, $13.32, 7983629, $15.15, $15.34, $12.51
04/09/2020, $14.08, 9878315, $13.44, $15.19, $13.19
04/08/2020, $12.51, 5281628, $12.04, $12.67, $11.66
04/07/2020, $11.44, 8833780, $12.31, $13.46, $11.07
04/06/2020, $10.47, 8055529, $11.49, $11.77, $10.33
04/03/2020, $10.51, 3785763, $11, $11.11, $10.08
04/02/2020, $10.53, 4394685, $11.21, $11.5, $10.12
04/01/2020, $11.32, 5319374, $11.66, $12.18, $11.14
03/31/2020, $12.89, 4850525, $13.09, $13.3, $12.55
03/30/2020, $12.42, 7175701, $13.5, $13.66, $11.651
03/27/2020, $14.79, 5784823, $15.76, $16, $14.38
03/26/2020, $16.51, 9925730, $17.15, $18.68, $16.08
03/25/2020, $15.96, 11570620, $17.57, $17.95, $14.59
03/24/2020, $13.53, 8988068, $12.54, $14.39, $11.75
03/23/2020, $9.83, 6250068, $9.35, $9.99, $8.6
03/20/2020, $8.69, 6841745, $9.26, $11.25, $8.42
03/19/2020, $8.39, 6294661, $8.76, $9.48, $7.01
03/18/2020, $9.01, 6283386, $10.96, $11, $7.44
03/17/2020, $11.72, 6830485, $12.1, $12.37, $10.8
03/16/2020, $11.66, 7639081, $13.09, $13.5, $10.92
03/13/2020, $15.08, 6305238, $15.91, $16, $13.44
03/12/2020, $14.06, 8133259, $18.21, $18.62, $14
03/11/2020, $20.93, 3564169, $21.74, $21.76, $20.14
03/10/2020, $22.48, 5673947, $22.54, $22.79, $19.66
03/09/2020, $21.41, 3368978, $20.7, $21.87, $20
03/06/2020, $22.52, 5759779, $20.23, $23.77, $19.04
03/05/2020, $21.54, 6721437, $25.02, $25.04, $21.27
03/04/2020, $26.34, 4020396, $25.9, $26.41, $24.15
03/03/2020, $25.23, 2926933, $28.02, $28.68, $25.2
03/02/2020, $27.27, 4539186, $28.36, $28.45, $26.13
02/28/2020, $28.45, 3602151, $28.31, $29.65, $27.98
02/27/2020, $29.75, 3802076, $31.29, $32.29, $29.75
02/26/2020, $32.92, 2881724, $35.16, $35.49, $32.8
02/25/2020, $34.71, 3006193, $38, $38.05, $34.385
02/24/2020, $37.46, 2938198, $39.12, $39.12, $36.75
02/21/2020, $41.1, 935094, $41.12, $41.19, $40.39
02/20/2020, $41.25, 1694539, $41, $41.7, $40.75
02/19/2020, $41.14, 1639631, $42.6, $42.83, $41.11
02/18/2020, $42.59, 1156469, $43.66, $43.99, $42.3
02/14/2020, $43.88, 730962, $44.52, $44.69, $43.79
02/13/2020, $44.58, 1039775, $43.7, $44.8, $43.44
02/12/2020, $43.93, 652144, $43.82, $44.2, $43.69
02/11/2020, $43.31, 1354217, $43.94, $44.46, $43.16
02/10/2020, $43.76, 990063, $43.98, $44.38, $43.38
02/07/2020, $44.2, 1431063, $42.44, $44.57, $42.21
02/06/2020, $42.8, 4124950, $46.5, $47.4998, $42.49
02/05/2020, $44.44, 1867823, $44, $44.7, $43.41
02/04/2020, $43.34, 1049178, $42.97, $43.7224, $42.88
02/03/2020, $41.96, 1220115, $41.25, $42.43, $41.25
01/31/2020, $41.07, 1101367, $42.07, $42.26, $40.47
01/30/2020, $42.44, 870420, $42.08, $42.54, $41.479
01/29/2020, $42.71, 1180358, $42.43, $43.07, $42.23
01/28/2020, $42.4, 1027081, $41.82, $42.77, $41.82
01/27/2020, $41.32, 1085284, $41.1, $41.79, $40.53
01/24/2020, $42.1, 1255593, $42.77, $43, $41.22
01/23/2020, $42.84, 1237695, $42.18, $43.03, $41.38
01/22/2020, $42.6, 946533, $42, $42.89, $41.94
01/21/2020, $41.72, 1973963, $42.46, $42.98, $40.65
01/17/2020, $42.93, 1541009, $43.08, $43.65, $42.33
01/16/2020, $42.65, 2985917, $41.58, $43.37, $41.54
01/15/2020, $39.68, 819303, $39.87, $40.1951, $39.5985
01/14/2020, $40.11, 1204165, $40.26, $40.93, $40.1
01/13/2020, $39.76, 1199450, $39.65, $39.93, $39.4
01/10/2020, $39.79, 1707473, $40.83, $40.84, $39.37
01/09/2020, $40, 1333988, $40.68, $40.87, $39.87
01/08/2020, $39.94, 1193712, $39.12, $40.54, $39.01
01/07/2020, $39.5, 869981, $40.22, $40.38, $39.22
01/06/2020, $40.39, 1003519, $39.3, $40.54, $39.05
01/03/2020, $39.82, 1327767, $39.66, $39.93, $38.33
01/02/2020, $40.65, 1027611, $40.7, $40.93, $40.1
12/31/2019, $40.31, 796049, $39.72, $40.51, $39.5
12/30/2019, $39.8, 1438950, $40.62, $40.62, $39.76
12/27/2019, $40.58, 1070667, $41.27, $41.36, $40.13
12/26/2019, $41.22, 639363, $41.23, $41.57, $41.01
12/24/2019, $41.19, 300152, $41.22, $41.47, $40.78
12/23/2019, $41.03, 970745, $41.45, $41.79, $41.0227
12/20/2019, $41.37, 1445025, $41.42, $41.69, $41.02
12/19/2019, $41.29, 1996186, $40.31, $41.45, $39.76
12/18/2019, $40.42, 1005951, $41.14, $41.21, $40.08
12/17/2019, $40.96, 2491682, $38.97, $41.02, $38.9
12/16/2019, $39.17, 974582, $39, $39.95, $38.76
12/13/2019, $38.24, 919392, $38.3, $38.73, $38.04
12/12/2019, $38.36, 732710, $38.34, $39.38, $38.19
12/11/2019, $37.97, 591452, $38.18, $38.32, $37.77
12/10/2019, $38.22, 1127586, $38, $38.75, $37.6303
12/09/2019, $38.49, 778496, $39.02, $39.12, $38.41
12/06/2019, $39.21, 865099, $38.46, $39.33, $38.46
12/05/2019, $38.07, 824916, $38.5, $38.5, $37.69
12/04/2019, $38.19, 1148161, $38.17, $38.7256, $38.03
12/03/2019, $38.02, 1885313, $38.75, $39.1038, $37.5603
12/02/2019, $39.59, 1020123, $39.93, $40.9, $39.44
11/29/2019, $39.07, 208938, $39.11, $39.465, $38.96
11/27/2019, $39.19, 754911, $39.27, $39.75, $38.89
11/26/2019, $39.1, 910709, $39.85, $39.9733, $39.07
11/25/2019, $39.92, 1172347, $38.72, $40.17, $38.54
11/22/2019, $38.47, 625544, $37.84, $38.54, $37.67
11/21/2019, $37.67, 508800, $38.15, $38.61, $37.61
11/20/2019, $38.13, 824413, $38.43, $38.9, $38.03
11/19/2019, $38.82, 799009, $38.11, $38.91, $37.83
11/18/2019, $37.91, 607019, $38.14, $38.23, $37.39
11/15/2019, $38.23, 1017457, $37.94, $38.71, $37.78
11/14/2019, $37.69, 637401, $37.35, $37.78, $37.19
11/13/2019, $37.48, 454447, $37.41, $37.54, $37.05
11/12/2019, $37.86, 813404, $38.69, $38.79, $37.68
11/11/2019, $38.72, 397807, $38.86, $39.31, $38.55
11/08/2019, $38.98, 731481, $39.25, $39.315, $38.34
11/07/2019, $39.4, 1302976, $39.41, $39.97, $39.15
11/06/2019, $39.19, 683934, $38.81, $39.285, $38.7981
11/05/2019, $38.93, 1181231, $38.9, $39.75, $38.79
11/04/2019, $38.48, 1314136, $38.62, $38.79, $38.25
11/01/2019, $38.07, 920818, $37.91, $38.09, $37.56
10/31/2019, $37.56, 888154, $37.61, $37.6935, $36.95
10/30/2019, $37.69, 655557, $37.08, $37.73, $36.87
10/29/2019, $37.17, 975234, $37.95, $38.14, $37.145
10/28/2019, $38.14, 1096550, $38.21, $38.56, $37.95
10/25/2019, $37.93, 1344879, $37.32, $38.38, $37.27
10/24/2019, $37.26, 3602303, $39.33, $39.85, $36.3
10/23/2019, $37.75, 1614690, $37.2, $37.895, $36.61
10/22/2019, $37.23, 1433719, $37.66, $37.81, $36.54
10/21/2019, $37.88, 1442311, $37.37, $38.48, $37.27
10/18/2019, $36.78, 1690113, $36.62, $36.99, $36.382
10/17/2019, $36.77, 1179033, $36.5, $37.115, $36.2
10/16/2019, $36.05, 1564268, $37.15, $37.44, $35.85
10/15/2019, $36.89, 2387924, $35.83, $36.95, $35.35
10/14/2019, $35.83, 1042611, $35.96, $36.235, $35.33
10/11/2019, $36.05, 3254874, $35.49, $37.8, $35.49
10/10/2019, $33.99, 1522434, $33.54, $34.24, $33.11
10/09/2019, $33.7, 1751751, $33.55, $33.98, $33.36
10/08/2019, $33.1, 1363685, $33.83, $33.915, $33.08
10/07/2019, $34.03, 1259460, $34.39, $34.46, $33.9
10/04/2019, $33.99, 1218577, $33.61, $34.03, $33.255
10/03/2019, $33.64, 2126683, $34.75, $34.75, $32.97
10/02/2019, $34.7, 1466620, $35.41, $35.4603, $34.05
10/01/2019, $35.88, 671371, $36.59, $37.2375, $35.69
09/30/2019, $36.3, 820938, $36.5, $36.6986, $35.96
09/27/2019, $36.31, 616649, $37.29, $37.585, $36.17
09/26/2019, $37.02, 528254, $37.08, $37.12, $36.3575
09/25/2019, $36.95, 802203, $37.12, $37.35, $36.7
09/24/2019, $36.53, 803290, $37.62, $37.62, $36.16
09/23/2019, $37.26, 1149490, $36.91, $37.51, $36.645
09/20/2019, $38.03, 919037, $37.94, $38.38, $37.67
09/19/2019, $37.92, 1039486, $38.29, $38.41, $37.7
09/18/2019, $38.29, 1301412, $38.54, $38.8, $37.75
09/17/2019, $38.69, 946430, $38.02, $39.36, $37.88
09/16/2019, $38.38, 767239, $37.49, $38.71, $37.32
09/13/2019, $38.76, 872266, $39.08, $39.58, $38.55
09/12/2019, $38.27, 766091, $38.76, $39, $38.15
09/11/2019, $38.75, 1172242, $38.13, $38.99, $37.69
09/10/2019, $37.88, 1203955, $36.02, $37.91, $35.65
09/09/2019, $36.14, 2769091, $35.59, $36.265, $34.53
09/06/2019, $37.06, 706603, $37.75, $37.78, $36.95
09/05/2019, $37.32, 825160, $36.34, $37.52, $36.27
09/04/2019, $36.13, 1567584, $36.38, $36.4, $35.09
09/03/2019, $36.09, 1175416, $36.9, $36.92, $35.92
08/30/2019, $37.54, 807639, $38.14, $38.38, $37.46
08/29/2019, $37.81, 488964, $37.3, $37.89, $37.3
08/28/2019, $36.98, 828121, $36, $37.15, $35.89
08/27/2019, $36.03, 1240492, $37.62, $37.67, $36
08/26/2019, $37.55, 622718, $38.06, $38.145, $37.29
08/23/2019, $37.73, 666573, $38.59, $39.23, $37.61
08/22/2019, $38.8, 736144, $38.92, $39.1334, $38.49
08/21/2019, $38.52, 516663, $38.6, $38.8, $38.34
08/20/2019, $38.6, 404324, $38.56, $38.82, $38.3
08/19/2019, $38.59, 527766, $38.98, $39.18, $38.56
08/16/2019, $38.4, 534672, $37.59, $38.44, $37.4032
08/15/2019, $37.31, 634757, $37.42, $37.91, $37.11
08/14/2019, $37.47, 985961, $38.15, $38.235, $37.2
08/13/2019, $38.94, 722426, $38.88, $39.92, $38.61
08/12/2019, $39.01, 813573, $39.56, $39.64, $38.87
08/09/2019, $39.97, 1006890, $40.5, $40.81, $39.74
08/08/2019, $40.83, 968256, $40.92, $41.1723, $40.47
08/07/2019, $40.8, 717681, $40.6, $41.3, $40.29
08/06/2019, $41.3, 747563, $41.7, $41.9, $40.849
08/05/2019, $41.36, 1381271, $41.59, $42.12, $40.41
08/02/2019, $42.11, 890050, $41.93, $42.45, $41.75
08/01/2019, $42.37, 1194670, $42.69, $43.2901, $41.99
07/31/2019, $42.43, 1707774, $42.03, $43.1, $41.6238
07/30/2019, $42.19, 1351930, $42.27, $42.34, $41.58
07/29/2019, $42.37, 2822903, $43.39, $43.83, $41.74
07/26/2019, $43.56, 3779682, $42.51, $44.09, $42.5
07/25/2019, $42.01, 10738080, $46.25, $46.65, $42
07/24/2019, $55.05, 1346219, $53.65, $55.2098, $53.5
07/23/2019, $53.72, 992950, $52.58, $53.86, $52.5
07/22/2019, $52.38, 902486, $51.24, $52.54, $51.01
07/19/2019, $50.89, 730916, $51.11, $51.6, $50.77
07/18/2019, $51.28, 556768, $50.78, $51.28, $50.62
07/17/2019, $50.65, 671941, $51.02, $51.59, $50.51
07/16/2019, $51.42, 871065, $50.79, $52.22, $50.79
07/15/2019, $50.91, 901679, $50.77, $51.26, $50.52
07/12/2019, $50.81, 1675114, $51.98, $52.47, $50.42
07/11/2019, $52.22, 962436, $51.53, $52.42, $51.29
07/10/2019, $51.41, 493998, $51.24, $51.84, $50.55
07/09/2019, $50.77, 628924, $51.32, $51.71, $50.08
07/08/2019, $51.69, 800796, $51, $51.78, $50.78
07/05/2019, $50.87, 602511, $50.15, $51.07, $50.15
07/03/2019, $50.47, 558705, $49.28, $51.06, $49.1
07/02/2019, $48.9, 982879, $49, $49.6007, $48.6
07/01/2019, $48.94, 844086, $48.23, $48.98, $47.81
06/28/2019, $47.73, 3519272, $47.11, $48.35, $47
06/27/2019, $46.95, 1885309, $46.38, $47.46, $46.29
06/26/2019, $45.95, 1035191, $46.94, $47.39, $45.92
06/25/2019, $46.96, 853348, $47.68, $48.645, $46.94
06/24/2019, $47.58, 1018042, $48.3, $48.3, $46.86
06/21/2019, $47.74, 806677, $48.2, $49.03, $47.64
06/20/2019, $48.68, 785566, $49.94, $50.2, $47.915
06/19/2019, $49.63, 590588, $50.79, $50.99, $49.48
06/18/2019, $50.56, 540701, $49.9, $50.88, $49.76
06/17/2019, $49.99, 434621, $50.25, $50.25, $49.54
06/14/2019, $50.32, 727696, $51.69, $51.7, $49.82
06/13/2019, $51.4, 780991, $49.66, $51.87, $49.6
06/12/2019, $49.68, 468360, $49.43, $50.25, $49.43
06/11/2019, $49.67, 492230, $49.8, $49.85, $49.03
06/10/2019, $49.06, 298656, $49.35, $49.94, $49
06/07/2019, $49.12, 559084, $50.58, $50.72, $49.01
06/06/2019, $49.94, 1173361, $49.35, $50.41, $49.22
06/05/2019, $50.43, 819548, $49.61, $50.56, $49.46
06/04/2019, $49.33, 901224, $47.72, $49.45, $47.51
06/03/2019, $47.22, 977989, $45.97, $47.49, $45.85
05/31/2019, $46.08, 521545, $46.52, $46.6799, $45.95
05/30/2019, $47.02, 642050, $46.69, $47.48, $46.3641
05/29/2019, $46.76, 575706, $46.68, $46.88, $46.17
05/28/2019, $46.9, 900252, $47.08, $47.69, $46.78
05/24/2019, $47.2, 551260, $48.29, $48.44, $47.15
05/23/2019, $48.3, 1069553, $47.65, $48.69, $47.52
05/22/2019, $47.94, 749916, $48.7, $48.93, $47.85
05/21/2019, $48.77, 1061277, $47.41, $48.83, $47.11
05/20/2019, $47.03, 505008, $46.95, $47.46, $46.28
05/17/2019, $47.64, 651330, $47.99, $48.639, $47.47
05/16/2019, $48.53, 547927, $48.35, $49.42, $48.04
05/15/2019, $48.47, 701018, $47.78, $48.64, $47.51
05/14/2019, $48.21, 553464, $47.91, $48.66, $47.54
05/13/2019, $47.81, 586962, $48.5, $48.83, $47.5
05/10/2019, $49.66, 670531, $49.05, $49.79, $48.15
05/09/2019, $49.42, 655412, $49.55, $49.79, $48.6
05/08/2019, $49.9, 819885, $50.59, $50.7489, $49.81
05/07/2019, $50.77, 851701, $51.18, $51.39, $49.714
05/06/2019, $51.56, 621095, $51.43, $52.33, $51.28
05/03/2019, $52.5, 800281, $52.66, $52.89, $51.72
05/02/2019, $52.52, 1333748, $52.69, $53.3, $51.86
05/01/2019, $52.56, 1295005, $54.34, $54.55, $52.475
04/30/2019, $54.38, 1276322, $53.09, $54.98, $53.09
04/29/2019, $53.79, 1496292, $52.7, $54.2868, $52.7
04/26/2019, $52.7, 2103817, $53, $55.27, $52.51
04/25/2019, $52.88, 3954813, $52.6, $54.14, $50
04/24/2019, $58.3, 1481617, $57.75, $58.545, $57.51
04/23/2019, $57.49, 1207164, $55.84, $57.7, $55.5501
04/22/2019, $55.65, 891638, $55.77, $56.19, $55
04/18/2019, $56.19, 941951, $55.45, $56.19, $54.57
04/17/2019, $55.56, 726836, $55.5, $55.695, $54.69
04/16/2019, $54.98, 469819, $55.46, $55.58, $54.62
04/15/2019, $55.17, 652983, $55.65, $56.455, $54.85
04/12/2019, $56.22, 1275524, $57.09, $57.55, $55.36
04/11/2019, $56.92, 1216185, $56.64, $58.43, $56.44
04/10/2019, $56.84, 1386074, $55.5, $57.01, $55.4
04/09/2019, $54.81, 747920, $54.02, $55.1, $54.02
04/08/2019, $54.7, 685912, $53.49, $54.99, $53.37
04/05/2019, $54.44, 800334, $54.37, $54.54, $53.62
04/04/2019, $54.3, 546484, $54.01, $54.44, $52.84
04/03/2019, $54.28, 680634, $54.16, $54.71, $53.79
04/02/2019, $53.82, 854848, $53.97, $54.39, $52.75
04/01/2019, $53.23, 830330, $53.43, $54.23, $52.8766
03/29/2019, $52.86, 992361, $51.81, $53.34, $51.46
03/28/2019, $51.75, 1523586, $53.43, $53.94, $51.05
03/27/2019, $53.21, 949296, $52.29, $53.89, $52.29
03/26/2019, $52.45, 883236, $52.68, $52.94, $52.01
03/25/2019, $51.55, 1360131, $53.05, $53.34, $51.52
03/22/2019, $53.05, 1463414, $53.99, $54.32, $52.36
03/21/2019, $53.99, 574218, $52.68, $54.15, $52.54
03/20/2019, $52.6, 788474, $53.56, $53.7, $52.25
03/19/2019, $53.7, 694561, $52.85, $54.38, $52.85
03/18/2019, $52.85, 1066543, $53.99, $54.04, $52.53
03/15/2019, $54.2, 1563608, $55.77, $56.19, $54.09
03/14/2019, $55.15, 1104529, $55.13, $56.27, $55.02
03/13/2019, $54.77, 1409971, $53.1, $54.89, $53.02
03/12/2019, $52.81, 1132904, $52.535, $53.4799, $52.11
03/11/2019, $53.07, 1242456, $52.93, $53.67, $51.95
03/08/2019, $51.68, 951910, $52.32, $53.24, $51.45
03/07/2019, $52.79, 1612736, $53.14, $53.14, $52.08
03/06/2019, $53.3, 2608275, $56.21, $56.66, $53.24
03/05/2019, $56.21, 1925017, $57.31, $57.7, $56.1
03/04/2019, $57.06, 1353410, $56.49, $57.37, $56.37
03/01/2019, $56.61, 1651915, $56.68, $57.43, $56
02/28/2019, $56.25, 2763805, $58.49, $58.72, $55.35
02/27/2019, $58.57, 1581245, $60.66, $61.34, $58.34
02/26/2019, $61.01, 680807, $60.56, $61.59, $60.56
02/25/2019, $60.59, 927154, $60.17, $61, $60.17
02/22/2019, $60.12, 1200523, $59.66, $60.22, $59.35
02/21/2019, $59.58, 1433178, $58.73, $59.72, $58.33
02/20/2019, $58.01, 2313342, $61.25, $61.85, $57.85
02/19/2019, $62.34, 1105304, $61.67, $63.24, $61.67
02/15/2019, $61.67, 703380, $61.7, $62.24, $61.34
02/14/2019, $61.42, 1024128, $60.52, $61.87, $60.51
02/13/2019, $60.93, 1306812, $61.75, $62.07, $60.6
02/12/2019, $61.65, 1213312, $63.63, $64.76, $61.56
02/11/2019, $63.06, 1193498, $62.05, $63.26, $61.67
02/08/2019, $61.44, 920208, $61.95, $62.1299, $60.6
02/07/2019, $62.71, 1566806, $61.79, $63.07, $61.21
02/06/2019, $60.9, 2856503, $59.95, $62.55, $57.16
02/05/2019, $62.95, 1385448, $63.08, $63.74, $62.12
02/04/2019, $62.78, 1054600, $61.66, $62.93, $61.08
02/01/2019, $61.13, 1487934, $59.41, $62.23, $58.9025
01/31/2019, $58.82, 732392, $59.03, $59.56, $58.28
01/30/2019, $59.43, 1038604, $58, $59.9, $57.22
01/29/2019, $57.64, 588611, $58.35, $58.63, $57.61
01/28/2019, $58.49, 844954, $58.425, $59.45, $57.69
01/25/2019, $57.96, 1234984, $57.81, $58.55, $56.8
01/24/2019, $57.46, 1188161, $58.14, $58.59, $57.05
01/23/2019, $57.42, 1136317, $58.5, $58.62, $57.19
01/22/2019, $58.06, 1063340, $59.22, $59.65, $57.67
01/18/2019, $59.36, 1183984, $60.91, $60.99, $58.82
01/17/2019, $60.31, 1343417, $61.71, $61.97, $59.55
01/16/2019, $60.76, 1384663, $59.38, $61.7, $59.38
01/15/2019, $58.56, 1198606, $59.03, $59.93, $58.07
01/14/2019, $58.83, 864689, $59.34, $59.81, $58.18
01/11/2019, $60.11, 1098035, $60.14, $60.52, $59.2218
01/10/2019, $60.75, 1665560, $57.92, $61.09, $56.14
01/09/2019, $59.45, 1078515, $57.06, $59.62, $56.87
01/08/2019, $57.06, 1406984, $58.57, $58.6, $56.91
01/07/2019, $57.67, 1616884, $55.87, $58.71, $55.395
01/04/2019, $56.1, 929153, $54.76, $57.54, $54.61
01/03/2019, $53.96, 1426266, $57.08, $57.36, $52.52
01/02/2019, $57.84, 734529, $57.17, $58.19, $56.53
12/31/2018, $57.92, 770896, $57.57, $59.02, $57.43
12/28/2018, $57.52, 523104, $57.33, $58.27, $56.6
12/27/2018, $57.1, 624646, $56.95, $57.13, $54.59
12/26/2018, $57.76, 1013536, $54.63, $57.83, $54.05
12/24/2018, $54.28, 502430, $54.14, $55.7125, $53.55
12/21/2018, $54.79, 1135212, $56.19, $56.73, $54.37
12/20/2018, $56.01, 1063569, $57.25, $57.94, $54.53
12/19/2018, $57.79, 911269, $58.72, $59.66, $57.39
12/18/2018, $58.55, 911332, $58.38, $59.47, $58.27
12/17/2018, $58.14, 1078236, $59.01, $59.41, $57.6
12/14/2018, $59.01, 980864, $59.77, $61.61, $58.89
12/13/2018, $60.66, 908660, $61.23, $61.68, $59.84
12/12/2018, $60.97, 841300, $61.55, $61.99, $60.38
12/11/2018, $61.43, 674054, $60.82, $61.97, $59.9679
12/10/2018, $60.42, 1505042, $60.01, $60.66, $58.2
12/07/2018, $59.67, 2046305, $63.915, $64.49, $58.94
12/06/2018, $64.59, 2025030, $64.42, $64.86, $62.28
12/04/2018, $63.13, 1443578, $63.69, $65.35, $62.7
12/03/2018, $64.56, 1251802, $64.65, $64.94, $63.49
11/30/2018, $64.12, 1560509, $62, $64.23, $62
11/29/2018, $62, 1551864, $61.85, $62.84, $61.77
11/28/2018, $62.43, 3142993, $60.39, $62.69, $59.46
11/27/2018, $58.76, 7923830, $58.44, $62.01, $57.72
11/26/2018, $50.98, 601544, $51.83, $52.14, $50.87
11/23/2018, $51.56, 401585, $50.91, $51.77, $50.75
11/21/2018, $50.85, 606558, $49.52, $51.72, $49.4178
11/20/2018, $49.14, 1532572, $50.62, $51.26, $49.07
11/19/2018, $51.19, 1179694, $52.44, $52.44, $51
11/16/2018, $52.44, 753760, $52.55, $52.8324, $51.58
11/15/2018, $53.1, 680014, $52.77, $53.2, $51.87
11/14/2018, $52.75, 690935, $54, $54.09, $52.48
11/13/2018, $53.41, 831865, $53.24, $53.83, $52.98
11/12/2018, $52.96, 654768, $52.91, $53.77, $52.4
11/09/2018, $52.99, 1762943, $53.33, $53.99, $52.68
11/08/2018, $53.33, 1030443, $53.3, $53.98, $53.02
11/07/2018, $53.4, 791624, $53.9, $53.95, $53.27
11/06/2018, $53.63, 405566, $53.82, $54.03, $52.96
11/05/2018, $53.91, 863364, $53.65, $54.39, $52.76
11/02/2018, $53.69, 1667994, $52.78, $54.495, $52.5
11/01/2018, $52.38, 1883734, $52.28, $52.75, $51.66
10/31/2018, $51.9, 1583752, $53.19, $53.61, $51.41
10/30/2018, $52.76, 1655771, $51, $53.3, $50.54
10/29/2018, $52.09, 1303284, $53.35, $53.72, $51.18
10/26/2018, $52.52, 1637195, $52.99, $53.34, $51.13
10/25/2018, $53.23, 4513927, $49, $53.49, $49
10/24/2018, $47.69, 2390893, $50.6, $50.98, $47.6
10/23/2018, $50.59, 1408451, $50.67, $50.87, $48.86
10/22/2018, $51.03, 941834, $50.37, $51.44, $50.37
10/19/2018, $50.78, 905931, $49.73, $50.91, $49.16
10/18/2018, $49.8, 950245, $50.96, $51, $49.6
10/17/2018, $50.97, 1357389, $51.25, $51.6, $49.95
10/16/2018, $50.37, 1492783, $49.48, $50.75, $49.0704
10/15/2018, $48.99, 1538896, $47.1, $49.321, $46.4284
10/12/2018, $47.07, 2288847, $47.33, $48.75, $46.58
10/11/2018, $46.5, 1761705, $46.64, $47, $45.66
10/10/2018, $44.91, 2188698, $43.57, $46.0199, $42.83
10/09/2018, $43.83, 995565, $43.83, $44.56, $43.76
10/08/2018, $43.95, 1033195, $43.49, $44.45, $43.26
10/05/2018, $44.39, 595768, $44.46, $44.93, $44.12
10/04/2018, $44.43, 726543, $44.74, $45.205, $44.25
10/03/2018, $44.85, 836957, $44.64, $45.41, $44.3
10/02/2018, $44.54, 1145236, $45.26, $45.26, $44.2
10/01/2018, $45.54, 822849, $46.9, $47.1, $45.24
09/28/2018, $46.97, 996955, $47.47, $47.77, $46.09
09/27/2018, $47.58, 522110, $47.47, $48.32, $47.47
09/26/2018, $47.27, 653907, $47, $47.615, $46.86
09/25/2018, $46.83, 822142, $46.76, $47.0156, $45.58
09/24/2018, $46.45, 1453732, $48.04, $48.28, $46.26
09/21/2018, $48.29, 1025256, $48.41, $48.88, $48.17
09/20/2018, $48.48, 675348, $49.18, $49.27, $48.21
09/19/2018, $49.01, 1197876, $48.37, $49.08, $48.22
09/18/2018, $48.33, 1233901, $49.27, $49.48, $48.25
09/17/2018, $49.27, 562263, $49.25, $49.63, $48.91
09/14/2018, $49.2, 698255, $49.08, $49.37, $48.65
09/13/2018, $49.09, 865211, $48.84, $49.5, $48.6
09/12/2018, $48.79, 1265443, $48.76, $49.17, $48.38
09/11/2018, $48.47, 502696, $48.08, $48.55, $48.03
09/10/2018, $48.27, 893359, $47.89, $48.65, $47.4191
09/07/2018, $47.59, 805951, $47.29, $48.34, $47.29
09/06/2018, $47.5, 1436904, $47.39, $48.51, $47.08
09/05/2018, $47.51, 1275401, $47.87, $48.38, $47.38
09/04/2018, $47.85, 559938, $47.72, $47.88, $47.075
08/31/2018, $47.52, 745060, $47.55, $47.82, $47.31
08/30/2018, $47.55, 705604, $47.85, $47.85, $47.22
08/29/2018, $47.52, 637280, $47.24, $47.57, $46.9191
08/28/2018, $47.22, 1095616, $46.43, $47.885, $46.34
08/27/2018, $46.08, 565289, $45.57, $46.09, $45.57
08/24/2018, $45.65, 551885, $45.72, $45.96, $45.2629
08/23/2018, $45.89, 599670, $45.27, $46.3, $45.14
08/22/2018, $45.2, 615980, $46.5, $46.5, $45.14
08/21/2018, $46.65, 719885, $46.19, $46.84, $45.81
08/20/2018, $45.86, 875823, $44.89, $46.25, $44.75
08/17/2018, $44.7, 796156, $43.77, $44.769, $43.65
08/16/2018, $43.9, 681006, $44.68, $44.86, $43.78
08/15/2018, $44.57, 678000, $44.46, $44.929, $44.17
08/14/2018, $44.55, 663913, $43.77, $44.7, $43.75
08/13/2018, $43.8, 385440, $43.99, $44.08, $43.44
08/10/2018, $43.94, 637698, $44.15, $44.18, $43.09
08/09/2018, $43.85, 484284, $43.8, $44.34, $43.8
08/08/2018, $43.88, 590446, $43.45, $44.14, $43.32
08/07/2018, $43.33, 1129704, $43.5, $43.55, $43.08
08/06/2018, $43.31, 759818, $42.34, $43.45, $42.15
08/03/2018, $42.6, 939832, $43.18, $43.886, $42.53
08/02/2018, $43.11, 743307, $42.32, $43.26, $41.98
08/01/2018, $42.67, 1231415, $43.6, $43.76, $42.39
07/31/2018, $43.44, 1363529, $42.83, $43.575, $42.6
07/30/2018, $42.69, 1040863, $42.81, $43.474, $42.52
07/27/2018, $42.94, 1088778, $43.17, $43.86, $42.8
07/26/2018, $42.85, 2919910, $42, $44.4, $42
07/25/2018, $41.41, 1988497, $41.17, $41.56, $40.28
07/24/2018, $40.57, 1660560, $41.73, $41.95, $40.26
07/23/2018, $41.64, 1653175, $40.29, $41.77, $40.01
07/20/2018, $40.28, 1202426, $40.4, $40.55, $39.75
07/19/2018, $40.49, 1472117, $40.97, $41.04, $40.34
07/18/2018, $41.01, 3295715, $40.63, $41.94, $40.63
07/17/2018, $40.06, 1797990, $39.16, $40.21, $39.115
07/16/2018, $39.04, 1508796, $41.04, $41.1, $38.94
07/13/2018, $41.02, 1785107, $40.07, $41.17, $39.72
07/12/2018, $39.83, 4707840, $37.47, $40.04, $37.19
07/11/2018, $36.13, 1324899, $36.65, $36.85, $35.72
07/10/2018, $37.4, 1468934, $37.93, $37.93, $36.83
07/09/2018, $37.88, 1630431, $37.91, $37.975, $37.34
07/06/2018, $37.66, 971682, $37.56, $37.835, $37.29
07/05/2018, $37.5, 2747951, $37.23, $37.65, $36.81
07/03/2018, $37.06, 611323, $36.95, $37.38, $36.685
07/02/2018, $37.12, 1190169, $36.1, $37.14, $35.66
06/29/2018, $36.35, 1337475, $35.37, $37.09, $35.37
06/28/2018, $35.37, 1869171, $35.34, $35.53, $34.361
06/27/2018, $35.4, 1471742, $35.6, $35.71, $34.8
06/26/2018, $35.59, 1458626, $36.37, $36.446, $35.25
06/25/2018, $36.33, 2124801, $38.32, $38.705, $36.05
06/22/2018, $38.6, 7088776, $38.4, $39.1, $37.95
06/21/2018, $38.63, 1232535, $38.73, $39.23, $38.53
06/20/2018, $38.79, 1423645, $38.46, $38.91, $38.3624
06/19/2018, $38.55, 1448268, $39.34, $39.53, $38.3
06/18/2018, $39.42, 872985, $39.3, $39.58, $39.14
06/15/2018, $39.61, 1191933, $38.1, $39.74, $37.8005
06/14/2018, $38.17, 1131048, $37.45, $38.45, $37.45
06/13/2018, $37.44, 845206, $37.73, $38.45, $37.29
06/12/2018, $37.64, 895080, $37.83, $38.05, $37.16
06/11/2018, $37.83, 1268540, $37.17, $38.185, $37.17
06/08/2018, $37.05, 712378, $37.11, $37.31, $36.47
06/07/2018, $37.18, 417260, $37.18, $37.485, $36.88
06/06/2018, $37.21, 693366, $36.45, $37.29, $36.22
06/05/2018, $36.96, 1234402, $37.55, $38.02, $36.79
06/04/2018, $37.91, 1099545, $37.14, $38.06, $37.14
06/01/2018, $37.04, 884626, $36.96, $37.64, $36.63
05/31/2018, $36.69, 754743, $37, $37.02, $36.21
05/30/2018, $36.77, 1142337, $37.24, $37.2544, $36.2
05/29/2018, $37.31, 780361, $37.82, $38.26, $37.12
05/25/2018, $38.03, 1443875, $36.81, $38.52, $36.67
05/24/2018, $36.68, 916075, $36.66, $36.93, $35.89
05/23/2018, $36.39, 671224, $36.31, $36.55, $35.83
05/22/2018, $36.39, 1279049, $37.62, $38.06, $36.345
05/21/2018, $37.37, 1352208, $37.26, $38.4, $37.065
05/18/2018, $37.15, 1434747, $36.92, $37.26, $36.42
05/17/2018, $37.13, 1377968, $36.93, $37.8, $36.93
05/16/2018, $36.94, 799042, $36.1, $37.599, $35.9856
05/15/2018, $36.09, 889332, $35.75, $36.42, $35.52
05/14/2018, $35.96, 917117, $36.41, $36.87, $35.65
05/11/2018, $36.63, 819470, $36.41, $36.9, $36.32
05/10/2018, $36.33, 691283, $36.06, $36.465, $35.79
05/09/2018, $35.9, 754583, $36.75, $36.94, $35.71
05/08/2018, $36.77, 828620, $36.74, $37.48, $36.55
05/07/2018, $36.74, 733428, $36.65, $36.79, $35.85
05/04/2018, $36.39, 1066660, $34.75, $36.57, $34.7
05/03/2018, $34.98, 852445, $35.7, $35.78, $34.89
05/02/2018, $35.73, 1389300, $36.33, $36.68, $35.675
05/01/2018, $36.37, 1508715, $35.69, $36.38, $35.33
04/30/2018, $35.72, 1363486, $36.16, $36.16, $35.4
04/27/2018, $35.49, 1156199, $34.68, $36.01, $34.68
04/26/2018, $35.4, 3638077, $37.15, $38.36, $34.86
04/25/2018, $37.63, 1385383, $38.13, $38.18, $37.01
04/24/2018, $38.24, 991616, $38.86, $39.17, $37.6
04/23/2018, $38.82, 1277875, $38.51, $39.24, $38.23
04/20/2018, $38.43, 1672773, $38.44, $39.47, $38.18
04/19/2018, $38, 1065314, $38.49, $38.49, $37.5
04/18/2018, $38.24, 1406685, $37, $38.74, $37
04/17/2018, $36.84, 753434, $37.27, $37.4375, $36.47
04/16/2018, $37.09, 1107313, $36.6, $37.38, $36.23
04/13/2018, $36.15, 695596, $36.73, $36.94, $36.02
04/12/2018, $36.29, 1000167, $36.19, $36.53, $35.55
04/11/2018, $35.75, 2103630, $35.92, $36.68, $35.43
04/10/2018, $35.25, 2518397, $35.92, $36.0099, $34.64
04/09/2018, $35.75, 2279514, $37.65, $37.965, $35.71
04/06/2018, $37.74, 792183, $37.96, $38.42, $37.4
04/05/2018, $38.3, 804167, $37.87, $38.33, $37.13
04/04/2018, $37.7, 1453237, $36.95, $37.79, $36.59
04/03/2018, $37.22, 1100457, $36.71, $37.3303, $36.15
04/02/2018, $36.35, 1351423, $37.59, $37.75, $36.02
03/29/2018, $37.78, 1536019, $37, $38.06, $37
03/28/2018, $36.99, 1969231, $36.94, $38, $36.765
03/27/2018, $37.19, 2485076, $38.5, $38.5083, $36.885
03/26/2018, $38.27, 2498063, $40.45, $40.45, $38.12
03/23/2018, $39.96, 1207917, $41.29, $41.59, $39.87
03/22/2018, $41.27, 1373145, $42.84, $43.72, $41.23
03/21/2018, $43.19, 1771740, $44.32, $44.32, $43.16
03/20/2018, $44.82, 861367, $44.5, $44.98, $44.23
03/19/2018, $44.44, 735260, $44.81, $45.13, $43.94
03/16/2018, $45.12, 916581, $44.33, $45.34, $44.33
03/15/2018, $44.28, 760016, $44.42, $44.92, $44.185
03/14/2018, $44.42, 1487676, $45.17, $45.82, $44.08
03/13/2018, $45.09, 1311273, $43.5, $45.13, $43.23
03/12/2018, $43.28, 621271, $42.97, $43.37, $42.47
03/09/2018, $43, 1054275, $43.39, $43.45, $42.7
03/08/2018, $42.97, 955283, $42.15, $43.46, $42.1
03/07/2018, $41.92, 861205, $41.61, $42.43, $41.57
03/06/2018, $42.16, 995300, $41.54, $42.48, $41.49
03/05/2018, $41.72, 1113972, $41.86, $42.3, $41.21
03/02/2018, $41.85, 2249458, $40.07, $41.99, $39.54
03/01/2018, $40.5, 2029838, $39.85, $41.24, $39.71
02/28/2018, $39.84, 1539787, $39, $40, $38.05
02/27/2018, $38.75, 1265699, $40, $40.33, $38.29
02/26/2018, $40.08, 1363370, $39.74, $40.19, $39.315
02/23/2018, $39.49, 884442, $39.9, $39.95, $38.93
02/22/2018, $39.48, 844882, $39.96, $40.54, $39.46
02/21/2018, $39.91, 841053, $39.19, $40.83, $39.09
02/20/2018, $38.9, 1089308, $39.52, $39.68, $38.83
02/16/2018, $39.72, 585014, $39.68, $40.12, $39.58
02/15/2018, $39.64, 1173015, $39.72, $39.89, $39
02/14/2018, $39.52, 989470, $38.85, $39.65, $38.8
02/13/2018, $39.09, 2428013, $39.84, $39.92, $38.49
02/12/2018, $39.91, 1619352, $39.52, $40.3, $38.89
02/09/2018, $39.25, 1334688, $39.42, $39.6, $37.8
02/08/2018, $39.06, 1507827, $40.25, $40.47, $39
02/07/2018, $40.3, 1800545, $41.18, $41.99, $40.21
02/06/2018, $40.42, 1893854, $40.06, $40.76, $38.8
02/05/2018, $39.88, 1384740, $40.67, $41.44, $39.72
02/02/2018, $41.07, 888105, $42.15, $42.29, $40.79
02/01/2018, $42.02, 764626, $41.89, $42.4, $41.61
01/31/2018, $42.12, 1076900, $42.11, $42.66, $41.97
01/30/2018, $41.83, 1048755, $41.31, $42.11, $40.85
01/29/2018, $41.42, 878334, $41.49, $41.74, $41.16
01/26/2018, $41.48, 1505964, $40.57, $41.49, $40.14
01/25/2018, $40.18, 1956192, $41.39, $41.6236, $39.525
01/24/2018, $41.53, 3892441, $41.7, $42.86, $40.76
01/23/2018, $44.59, 1901155, $43.27, $44.67, $42.5
01/22/2018, $43.33, 2139836, $45.14, $45.29, $42.81
01/19/2018, $45.19, 964598, $45.07, $45.55, $44.79
01/18/2018, $44.96, 842161, $45.32, $45.61, $44.76
01/17/2018, $44.89, 2384272, $47.27, $47.34, $44.88
01/16/2018, $46.21, 2904500, $47.9, $47.95, $45.65
01/12/2018, $48.26, 1346731, $47.7, $48.81, $47.25
01/11/2018, $47.57, 2478745, $45.83, $48.02, $45.54
01/10/2018, $44.91, 1461414, $44.07, $44.93, $43.66
01/09/2018, $43.59, 1745576, $45.19, $45.19, $43.36
01/08/2018, $43.23, 1059902, $43.75, $43.75, $42.89
01/05/2018, $43.63, 680699, $43.75, $43.89, $43.45
01/04/2018, $43.5, 1823623, $43.94, $44.25, $43.33
01/03/2018, $44.14, 1413786, $45.54, $45.54, $43.47
01/02/2018, $45.6, 899247, $44.7, $45.61, $44.0907
12/29/2017, $44.85, 549799, $45.24, $45.68, $44.69
12/28/2017, $45.29, 722022, $45.26, $45.4, $44.84
12/27/2017, $44.99, 726531, $45.31, $45.64, $44.86
12/26/2017, $45.3, 1073163, $44.14, $45.63, $43.76
12/22/2017, $45.22, 533053, $45.19, $45.24, $44.67
12/21/2017, $45.2, 1025089, $45.66, $45.66, $44.6937
12/20/2017, $44.49, 1021477, $44.34, $44.87, $44.09
12/19/2017, $44.22, 1231073, $44.32, $45.37, $43.68
12/18/2017, $44.87, 1073789, $43.6, $44.89, $43.28
12/15/2017, $43.19, 1333918, $43.24, $43.62, $42.75
12/14/2017, $42.84, 822603, $42.98, $43.8552, $42.63
12/13/2017, $43.3, 1074635, $43.32, $43.96, $43
12/12/2017, $43.33, 1766310, $43.12, $43.82, $42.81
12/11/2017, $42.89, 1533988, $43.32, $43.8, $42.63
12/08/2017, $43.64, 1766974, $43.3, $43.75, $42.9056
12/07/2017, $42.89, 867728, $41.85, $42.92, $41.85
12/06/2017, $42.2, 1230281, $42.51, $43.31, $42.121
12/05/2017, $42.87, 2069454, $43.1, $43.5, $41.37
12/04/2017, $43.41, 3101592, $43.03, $44.05, $42.6
12/01/2017, $42.62, 2326320, $42.39, $42.77, $41.845
11/30/2017, $42.63, 2865917, $41, $42.88, $40.895
11/29/2017, $40.86, 2172229, $39.24, $41.24, $39.15
11/28/2017, $39.12, 1333497, $37.77, $39.24, $37.59
11/27/2017, $38.08, 1454552, $38.13, $38.55, $37.89
11/24/2017, $38.17, 588941, $37.78, $38.48, $37.6
11/22/2017, $37.6, 1284972, $36.76, $38.25, $36.76
11/21/2017, $37.39, 965940, $36.35, $37.43, $35.925
11/20/2017, $36.35, 1189361, $36.44, $36.88, $35.69
11/17/2017, $36.39, 1060647, $36.98, $37.2, $36.03
11/16/2017, $37.16, 1340259, $37.5, $37.78, $36.95
11/15/2017, $37.24, 2065634, $35.95, $37.48, $35.78
11/14/2017, $36.26, 1354380, $35.09, $36.44, $35.09
11/13/2017, $35.28, 1161962, $35.67, $35.94, $34.88
11/10/2017, $35.82, 1238770, $35.01, $36, $34.94
11/09/2017, $34.95, 1355286, $34.42, $35.675, $34.37
11/08/2017, $34.79, 1766879, $35, $35.24, $34.08
11/07/2017, $35.05, 2078349, $36.3, $36.3664, $34.5
11/06/2017, $36.29, 1185676, $36.35, $36.57, $35.84
11/03/2017, $36.13, 1146631, $35.57, $36.23, $35.48
11/02/2017, $35.52, 1667747, $36.62, $37.1, $35.29
11/01/2017, $36.64, 2065699, $36.74, $37.4, $36.44
10/31/2017, $37.09, 1882158, $37.04, $37.65, $36.52
10/30/2017, $36.92, 2156911, $36.96, $37.57, $36.51
10/27/2017, $36.94, 2867473, $36.11, $37.2, $35.5
10/26/2017, $36.08, 6732556, $35, $38.4199, $35
10/25/2017, $33.74, 1963590, $33.26, $34.379, $33.26
10/24/2017, $34.41, 1453314, $33.95, $34.49, $33.7
10/23/2017, $34.11, 1566160, $33.79, $34.33, $33.51
10/20/2017, $33.81, 1115628, $33.76, $34.195, $33.56
10/19/2017, $33.68, 2322201, $34.52, $34.59, $32.99
10/18/2017, $34.83, 1896901, $34.62, $35.57, $34.5
10/17/2017, $34.87, 5545065, $35.54, $36.99, $34.62
10/16/2017, $33.47, 1683704, $34, $34, $33.06
10/13/2017, $33.8, 916052, $33.8, $34.11, $33.37
10/12/2017, $33.84, 1889748, $34.65, $34.71, $33.66
10/11/2017, $34.65, 923419, $34.88, $35.53, $34.62
10/10/2017, $35, 1503842, $35.57, $36.18, $34.92
10/09/2017, $35.02, 823633, $35.33, $35.5114, $34.92
10/06/2017, $35.24, 1574110, $34.39, $35.685, $34.28
10/05/2017, $35.19, 1116202, $35.49, $35.6, $35.08
10/04/2017, $35.56, 2237615, $36.06, $36.74, $35.52
10/03/2017, $36.06, 2314820, $33.89, $36.18, $33.79
10/02/2017, $33.67, 1302227, $33.52, $34.1, $33.12
09/29/2017, $33.41, 1197816, $33.5, $33.85, $33.11
09/28/2017, $33.53, 833120, $33.54, $34.09, $33.48
09/27/2017, $33.5, 858141, $33.65, $34.05, $33.2
09/26/2017, $33.67, 1199567, $34.07, $34.32, $33.49
09/25/2017, $34.15, 967598, $33.8, $34.41, $33.8
09/22/2017, $33.71, 807975, $33.78, $34.129, $33.63
09/21/2017, $34.01, 1652497, $32.76, $34.14, $32.7093
09/20/2017, $32.7, 1052796, $32.69, $33.19, $32.33
09/19/2017, $32.63, 1659311, $33.24, $33.36, $32.49
09/18/2017, $32.95, 1693899, $33.85, $34, $32.91
09/15/2017, $33.69, 3109983, $32.76, $34.52, $32.7
09/14/2017, $34.83, 1225810, $34.81, $35.47, $34.57
09/13/2017, $34.91, 1389356, $34.7, $35, $34.41
09/12/2017, $34.89, 1636153, $34.7, $35, $34.43
09/11/2017, $34.63, 3063564, $33.16, $34.8, $33.16
09/08/2017, $33.1, 2063944, $32.12, $33.368, $32.0197
09/07/2017, $32.32, 3453311, $32.14, $32.37, $31.62
09/06/2017, $32.09, 3814451, $31.8, $32.556, $30.32
09/05/2017, $32.51, 3321507, $34, $34.01, $32.45
09/01/2017, $34.03, 2223616, $34.23, $34.2378, $33.67
08/31/2017, $34.05, 2389829, $34.5, $34.805, $33.93
08/30/2017, $34.46, 1812272, $35.4, $35.43, $34.33
08/29/2017, $35.49, 1040944, $35.43, $35.86, $35.11
08/28/2017, $35.76, 1051673, $35.97, $35.99, $35.32
08/25/2017, $35.78, 1688741, $34.5, $36.33, $34.36
08/24/2017, $34.34, 1683544, $35.04, $35.25, $34.3
08/23/2017, $34.75, 3371223, $35.79, $35.81, $34.56
08/22/2017, $35.85, 1417301, $36.68, $36.79, $35.5
08/21/2017, $36.54, 1133790, $36.8, $36.9414, $36.44
08/18/2017, $36.7, 1103646, $36.91, $37.08, $36.43
08/17/2017, $36.81, 1751332, $38.21, $38.42, $36.51
08/16/2017, $38.28, 880243, $38, $38.69, $37.9
08/15/2017, $37.87, 1503234, $38.17, $38.48, $37.65
08/14/2017, $38.22, 1041143, $38.22, $38.55, $37.9
08/11/2017, $38.25, 1517242, $37.62, $38.74, $37.51
08/10/2017, $37.61, 1135590, $37.95, $37.95, $37.269
08/09/2017, $38, 987456, $37.89, $38.19, $37.61
08/08/2017, $38.08, 1315622, $38.33, $38.58, $37.86
08/07/2017, $38.4, 1793368, $39.24, $39.64, $38.28
08/04/2017, $39.05, 2835097, $39.5, $39.82, $38.47
08/03/2017, $39.28, 3393542, $40.56, $41.23, $39
08/02/2017, $40.6, 2580870, $40.91, $41.47, $39.95
08/01/2017, $40.79, 3468649, $39.98, $40.8, $39.4
07/31/2017, $38.85, 2439440, $39.57, $39.95, $38.62
07/28/2017, $39.71, 3526679, $40.29, $40.88, $39.22
07/27/2017, $40.07, 11385120, $45, $45.02, $38.85
07/26/2017, $48.85, 2117459, $48.75, $48.91, $47.65
07/25/2017, $48.66, 1369960, $49.11, $49.54, $48.54
07/24/2017, $49.02, 1017774, $50.15, $50.42, $48.91
07/21/2017, $50.12, 1237303, $50.5, $50.6995, $49.36
07/20/2017, $50.57, 1191355, $51.91, $52.044, $50.44
07/19/2017, $51.95, 1755429, $51.97, $52.255, $51.21
07/18/2017, $52.06, 2015982, $53, $53.44, $51.61
07/17/2017, $53.4, 1418941, $52.98, $53.84, $52.74
07/14/2017, $53.17, 1016736, $53.19, $53.56, $52.82
07/13/2017, $53.22, 847551, $52.79, $53.5, $52.53
07/12/2017, $53.01, 1273940, $52.43, $53.67, $52.43
07/11/2017, $52.28, 767059, $52.18, $52.795, $51.95
07/10/2017, $52.18, 1140721, $53.41, $53.82, $52.1474
07/07/2017, $53.46, 1506410, $51.29, $53.69, $51.29
07/06/2017, $51.26, 935089, $51.69, $52.05, $50.99
07/05/2017, $51.75, 1290940, $51.18, $52.13, $51
07/03/2017, $51.05, 682791, $51.98, $52.34, $51.04
06/30/2017, $51.65, 1350228, $52.35, $52.35, $50.89
06/29/2017, $52.09, 1566613, $52.7, $52.7, $51.15
06/28/2017, $52.37, 1143257, $52.81, $54.1, $52.21
06/27/2017, $52.58, 708121, $52.3, $53.39, $52.3
06/26/2017, $52.34, 826584, $52.66, $53.5325, $51.93
06/23/2017, $52.55, 1015782, $52.54, $52.74, $52.02
06/22/2017, $52.53, 773283, $53, $53.4759, $52.15
06/21/2017, $52.81, 644198, $53.01, $53.44, $52.63
06/20/2017, $52.95, 627526, $54.1, $54.49, $52.94
06/19/2017, $53.95, 574129, $53.08, $54.09, $52.61
06/16/2017, $52.71, 643103, $52.93, $53.32, $52.41
06/15/2017, $52.83, 907774, $53.67, $54.01, $52.36
06/14/2017, $53.9, 708546, $54.33, $54.81, $53.5
06/13/2017, $54.21, 1143696, $54.37, $54.57, $53.08
06/12/2017, $54.2, 736217, $54.8, $54.84, $53.52
06/09/2017, $54.78, 1228526, $55.48, $56.33, $54.3658
06/08/2017, $55.85, 2077566, $55.58, $56.17, $53.5
06/07/2017, $55.41, 1252981, $55.99, $56.63, $55.281
06/06/2017, $56.42, 736391, $56.01, $56.89, $55.5711
06/05/2017, $56.32, 708461, $55.7, $56.5, $55.41
06/02/2017, $55.83, 1480875, $55.13, $56.21, $55
06/01/2017, $54.36, 914364, $53.22, $54.54, $53.22
05/31/2017, $53.1, 921015, $53.39, $53.58, $52.32
05/30/2017, $53.12, 755062, $54.01, $54.25, $53
05/26/2017, $54.26, 824330, $54.05, $54.8725, $53.97
05/25/2017, $54.15, 1333831, $52.44, $54.26, $52.44
05/24/2017, $52.07, 1484421, $53.24, $53.57, $51.89
05/23/2017, $53.12, 925967, $53.39, $53.9398, $52.59
05/22/2017, $53, 982066, $54.02, $54.27, $52.98
05/19/2017, $53.82, 751538, $53.86, $54.79, $53.6
05/18/2017, $53.76, 843421, $53.68, $54.21, $53.35
05/17/2017, $53.63, 846586, $54.55, $55.25, $53.55
05/16/2017, $54.98, 693554, $55.63, $55.63, $54.695
05/15/2017, $55.48, 563008, $55.38, $55.638, $55.1727
05/12/2017, $55.09, 628794, $55.13, $55.435, $54.72
05/11/2017, $55.32, 902931, $55.58, $56, $54.59
05/10/2017, $55.77, 1574386, $56.25, $56.6, $55.44
05/09/2017, $56.11, 4695130, $57.59, $57.99, $54.33
05/08/2017, $57.43, 1134720, $59.04, $59.761, $57.16
05/05/2017, $59.19, 582367, $59.3, $59.7, $59.1
05/04/2017, $59.28, 879198, $59.97, $60.28, $58.77
05/03/2017, $59.74, 800508, $59.33, $59.97, $58.56
05/02/2017, $59.51, 1182709, $57.4, $59.655, $57.4
05/01/2017, $57.6, 1255063, $57.8, $58.47, $57.27
04/28/2017, $57.27, 1949660, $58.51, $59.28, $56.62
04/27/2017, $57.53, 1527503, $57.49, $57.83, $56.89
04/26/2017, $57.95, 1745626, $58.04, $58.17, $57.21
04/25/2017, $57.87, 1139282, $58.39, $58.99, $57.29
04/24/2017, $58, 1355857, $59.19, $59.54, $57.99
04/21/2017, $58.46, 1305099, $58.62, $58.93, $58.19
04/20/2017, $58.5, 1059644, $57.98, $58.96, $57.5
04/19/2017, $57.72, 1527601, $56.5, $58.34, $55.89
04/18/2017, $56.22, 2024507, $55, $57.04, $55
04/17/2017, $53.83, 436617, $53.71, $54.05, $53.21
04/13/2017, $53.51, 960741, $53.55, $54.29, $52.69
04/12/2017, $54.03, 1983486, $52.84, $54.97, $52.74
04/11/2017, $52.65, 1366016, $51.64, $52.68, $50.859
04/10/2017, $51.81, 561146, $51.72, $52.25, $51.4
04/07/2017, $51.85, 466757, $51.63, $52, $51.025
04/06/2017, $51.75, 740788, $51.22, $51.83, $50.8
04/05/2017, $50.9, 1520001, $51.5, $51.84, $50.68
04/04/2017, $51.41, 1036161, $52.97, $52.98, $51.12
04/03/2017, $53.16, 957388, $53.07, $53.3, $52.05
03/31/2017, $53.07, 932526, $52.24, $53.315, $52.2
03/30/2017, $52.19, 525510, $51.55, $52.43, $51.55
03/29/2017, $51.53, 506236, $52.27, $52.49, $51.3
03/28/2017, $52.02, 556721, $51.28, $52.49, $51.14
03/27/2017, $50.98, 499774, $49.78, $51.14, $49.55
03/24/2017, $50.7, 416793, $50.48, $51, $50.391
03/23/2017, $50.3, 641134, $50.48, $50.89, $50.14
03/22/2017, $50.48, 840766, $50.07, $50.67, $49.27
03/21/2017, $50.09, 1312972, $51.08, $51.32, $50.02
03/20/2017, $51.1, 758214, $50.9, $51.15, $50.11
03/17/2017, $50.91, 707198, $51.26, $51.38, $50.71
03/16/2017, $51.11, 604609, $50.96, $51.25, $50.31
03/15/2017, $50.83, 1648580, $48.4, $50.85, $48.29
03/14/2017, $49.53, 941943, $50.87, $50.99, $49.5
03/13/2017, $51.25, 841060, $51.77, $52.63, $51.13
03/10/2017, $52.01, 662684, $51.67, $52.06, $50.96
03/09/2017, $51.52, 884621, $52.13, $52.84, $51.265
03/08/2017, $52.18, 885046, $51.58, $52.37, $51.29
03/07/2017, $51.41, 1059149, $52.58, $52.58, $51.3
03/06/2017, $52.765, 1364004, $52.6, $52.96, $51.72
03/03/2017, $52.62, 1192248, $51.3, $52.8, $51.2
03/02/2017, $51.15, 1718672, $52.95, $52.95, $51.03
03/01/2017, $53.8, 1025545, $52.75, $54.35, $52.75
02/28/2017, $52.21, 1156647, $53.22, $53.22, $52
02/27/2017, $53.16, 922587, $51.93, $53.25, $51.58
02/24/2017, $51.92, 519457, $51.05, $51.94, $50.8318
02/23/2017, $51.43, 609163, $51.72, $52.15, $51.22
02/22/2017, $51.65, 447145, $51.48, $51.8, $51.1498
02/21/2017, $51.74, 1219647, $51.5, $51.94, $50.67
02/17/2017, $51.38, 2178473, $51.95, $52.49, $50.5
02/16/2017, $52.35, 1450107, $53.3, $53.69, $52.18
02/15/2017, $53.24, 1202542, $53.55, $54.07, $53.07
02/14/2017, $53.08, 1187041, $54.16, $54.16, $52.76
02/13/2017, $54.36, 924876, $53.86, $54.96, $53.86
02/10/2017, $53.88, 733505, $53.94, $54.21, $53.25
02/09/2017, $53.74, 1631328, $52.69, $54.75, $52.661
02/08/2017, $52.67, 2951420, $53.88, $54.0301, $52.03
02/07/2017, $54.05, 2012051, $54.52, $55.97, $53.4375
02/06/2017, $55.66, 1585281, $55.04, $56.12, $54.74
02/03/2017, $54.94, 982357, $53.38, $55.04, $53.38
02/02/2017, $53.3, 837473, $53.47, $54.16, $53.095
02/01/2017, $53.88, 943191, $54.41, $54.734, $53.62
01/31/2017, $54.04, 1053038, $53.89, $54.11, $53.04
01/30/2017, $53.77, 1277691, $53.52, $54.05, $52.5
01/27/2017, $54.25, 1231362, $57.4, $57.4, $54.07
01/26/2017, $57.01, 1545988, $57, $58.76, $56.35
01/25/2017, $56.08, 602520, $56.04, $56.45, $55.55
01/24/2017, $55.5, 570258, $55.84, $56.29, $55.11
01/23/2017, $55.82, 639609, $56.69, $56.93, $55.46
01/20/2017, $56.68, 749710, $55.76, $56.74, $55.7
01/19/2017, $55.81, 854610, $56.7, $57.07, $55.67
01/18/2017, $56.4, 863385, $55.14, $56.45, $54.72
01/17/2017, $55.22, 1576458, $56.26, $56.5, $54.42
01/13/2017, $56.58, 396888, $56.3, $56.95, $56.22
01/12/2017, $56.32, 1084420, $56.12, $56.92, $54.79
01/11/2017, $56.08, 2010600, $58.62, $58.92, $55.92
01/10/2017, $58.05, 1222212, $56.31, $58.62, $56.31
01/09/2017, $56.13, 1148058, $56.48, $56.93, $56.03
01/06/2017, $56.27, 1287526, $58.36, $58.5, $55.611
01/05/2017, $58.07, 1081229, $58.1, $58.99, $57.22
01/04/2017, $58.1, 1271079, $56.2, $58.24, $56.05
01/03/2017, $57.09, 914365, $57.15, $58.96, $56.69
12/30/2016, $57.86, 731928, $57.67, $58.26, $56.59
12/29/2016, $57.41, 486375, $57.64, $58.23, $57.34
12/28/2016, $57.72, 386729, $58.6, $58.605, $57.49
12/27/2016, $58.51, 447840, $58.93, $58.93, $58.16
12/23/2016, $58.78, 270346, $58.51, $59.21, $58.3
12/22/2016, $58.51, 449331, $59.27, $59.56, $58.3
12/21/2016, $59.5, 524511, $59.04, $59.67, $58.81
12/20/2016, $59.15, 1008822, $58.09, $59.24, $57.77
12/19/2016, $57.85, 626683, $57.5, $57.99, $57.31
12/16/2016, $57.4, 826968, $59.18, $59.52, $57.34
12/15/2016, $59.24, 1300844, $57.32, $60.14, $57.32
12/14/2016, $57.31, 891777, $57.39, $58.41, $56.51
12/13/2016, $57.58, 1164916, $57.56, $58.61, $57
12/12/2016, $56.98, 921191, $58.65, $58.916, $56.43
12/09/2016, $59.06, 1203244, $58.66, $60.4, $58.65
12/08/2016, $58.7, 816575, $58.55, $59.385, $57.8
12/07/2016, $58.75, 713789, $57, $58.88, $56.6
12/06/2016, $57, 843141, $55.8, $57.36, $55.8
12/05/2016, $55.6, 792016, $56.71, $56.73, $55.2
12/02/2016, $56.25, 1578413, $55.13, $56.94, $53.92
12/01/2016, $55.21, 1034283, $55.59, $55.87, $54.661
11/30/2016, $55.6, 1729678, $53.87, $55.93, $53.01
11/29/2016, $54.52, 1098802, $53.7, $55.01, $53.51
11/28/2016, $53.54, 1319675, $53.9, $54.4, $52.99
11/25/2016, $54.22, 336981, $54.41, $54.822, $53.97
11/23/2016, $54.3, 620541, $53.73, $54.47, $52.94
11/22/2016, $53.6, 1154203, $53.14, $53.79, $52.79
11/21/2016, $52.9, 1296330, $54.02, $54.02, $52.86
11/18/2016, $53.74, 782082, $53.3, $53.87, $53.14
11/17/2016, $53.87, 688537, $53.18, $54, $53.035
11/16/2016, $53.31, 1138507, $52.55, $53.63, $52.14
11/15/2016, $52.88, 1594701, $54.02, $55.1, $52.45
11/14/2016, $53.39, 1117621, $52.29, $53.51, $51.93
11/11/2016, $51.9, 928248, $51.32, $52.04, $50.77
11/10/2016, $51.48, 1423800, $49.82, $51.94, $49.76
11/09/2016, $49.63, 1596776, $47.34, $49.8699, $47.001
11/08/2016, $48.24, 1249920, $47, $48.37, $46.8
11/07/2016, $47.63, 1617678, $47.75, $47.84, $47.17
11/04/2016, $47.02, 1005652, $47.22, $47.79, $46.945
11/03/2016, $46.98, 704203, $47.2, $47.63, $46.85
11/02/2016, $47.06, 1002879, $47.51, $48.11, $47
11/01/2016, $47.82, 938728, $47.9, $48.49, $47.25
10/31/2016, $47.93, 913030, $48.17, $48.71, $47.39
10/28/2016, $48.05, 960248, $48.14, $49.07, $47.72
10/27/2016, $48.24, 1461705, $48.2, $48.69, $47.16
10/26/2016, $48.09, 2259274, $47.94, $49.48, $46.96
10/25/2016, $48.66, 4733790, $49, $49.74, $48.21
10/24/2016, $46.84, 1400570, $47.53, $47.92, $46.77
10/21/2016, $47.51, 988732, $47.06, $47.58, $46.61
10/20/2016, $47.5, 1491941, $47, $47.51, $46.02
10/19/2016, $47.01, 1463441, $45.45, $47.06, $45.19
10/18/2016, $45.2, 3058087, $44.27, $45.93, $43.79
10/17/2016, $43.82, 1699740, $44.27, $45.28, $43.685
10/14/2016, $43.78, 942586, $43.58, $43.97, $42.89
10/13/2016, $43.58, 1255716, $41.77, $43.93, $41.42
10/12/2016, $42.17, 580448, $41.99, $42.76, $41.7807
10/11/2016, $42.12, 1019777, $43.04, $43.46, $41.64
10/10/2016, $42.88, 843834, $42.42, $43.22, $42.29
10/07/2016, $42.24, 818274, $42.82, $42.94, $41.85
10/06/2016, $42.99, 711541, $43.08, $43.439, $42.3
10/05/2016, $43.16, 897336, $43.91, $43.91, $43.1
10/04/2016, $43.64, 1610726, $44.57, $45.43, $43.22
10/03/2016, $43.74, 1633586, $42.48, $43.82, $42.48
09/30/2016, $42.53, 1611342, $41.8, $42.86, $41.4
09/29/2016, $41.66, 1530813, $42.04, $42.66, $41.65
09/28/2016, $41.88, 1308895, $42.36, $42.75, $41.7
09/27/2016, $41.95, 1886612, $41.39, $42.5, $41.18
09/26/2016, $41.13, 3244610, $39.99, $41.15, $39.45
09/23/2016, $39.72, 1915989, $38.54, $39.89, $37.88
09/22/2016, $38.5, 1555914, $38.45, $39.89, $38.44
09/21/2016, $38.25, 1371373, $37.91, $38.41, $37.79
09/20/2016, $37.905, 942076, $37.49, $37.95, $37.2
09/19/2016, $37.44, 1140355, $37.6, $38.3, $37.17
09/16/2016, $37.23, 1692349, $37.76, $37.84, $37.2
09/15/2016, $37.88, 1010243, $37.84, $38.34, $37.47
09/14/2016, $37.98, 795128, $38.33, $38.86, $37.83
09/13/2016, $38.41, 995208, $39.14, $39.86, $38.3
09/12/2016, $39.21, 1215583, $38.09, $39.35, $37.45
09/09/2016, $38.36, 1369261, $40, $40.11, $38.34
09/08/2016, $40.39, 1117186, $40.58, $40.97, $40.29
09/07/2016, $40.82, 2123166, $40.26, $41.39, $40.048
09/06/2016, $39.94, 868655, $39.87, $40.38, $39.55
09/02/2016, $39.81, 751655, $39.48, $40.07, $39.4
09/01/2016, $39.53, 1596245, $40.06, $40.06, $38.75
08/31/2016, $39.99, 1155112, $39.93, $40.83, $39.45
08/30/2016, $39.96, 1392901, $39.18, $40.04, $37.79
08/29/2016, $39.39, 708814, $39.47, $40.01, $39.33
08/26/2016, $39.28, 663956, $39.75, $40.15, $39.151
08/25/2016, $39.79, 638148, $39.85, $40.06, $39.71
08/24/2016, $39.97, 703754, $39.85, $40.56, $39.64
08/23/2016, $39.9, 782471, $39.9, $40.5, $39.78
08/22/2016, $39.8, 883453, $39.75, $40, $39.44
08/19/2016, $39.75, 811699, $39.85, $40.86, $39.64
08/18/2016, $40.09, 1287213, $39.98, $40.74, $39.83
08/17/2016, $40.05, 1093337, $39.94, $40.3, $39.34
08/16/2016, $39.95, 651440, $40.17, $40.43, $39.855
08/15/2016, $40.27, 661204, $40.05, $40.77, $40
08/12/2016, $39.98, 782637, $40.22, $40.59, $39.82
08/11/2016, $40.44, 779490, $40.7, $40.95, $40.14
08/10/2016, $40.49, 1100049, $40.58, $40.98, $40.17
08/09/2016, $40.65, 842340, $40.8, $41.65, $40.55
08/08/2016, $40.71, 1013062, $40.98, $41.62, $40.43
08/05/2016, $40.91, 1010185, $40.82, $41.33, $40.66
08/04/2016, $40.43, 1875890, $41.08, $41.1, $39.66
08/03/2016, $39.53, 1270390, $39.46, $39.89, $38.94
08/02/2016, $39.54, 2043183, $40.82, $40.96, $39.32
08/01/2016, $41.59, 1473393, $42.8, $42.98, $41.27
07/29/2016, $42.75, 3321453, $44.5, $45.39, $42.66
07/28/2016, $42.55, 1934555, $43.37, $43.97, $42.44
07/27/2016, $43.73, 593145, $44.07, $44.19, $43.47
07/26/2016, $44.01, 1012540, $42.75, $44.09, $42.74
07/25/2016, $42.93, 711778, $43.61, $44.17, $42.81
07/22/2016, $43.76, 1115881, $42.95, $43.91, $42.69
07/21/2016, $42.25, 2148814, $42.75, $43.135, $41.21
07/20/2016, $43.81, 1806746, $45.3, $45.65, $43.42
07/19/2016, $44.89, 2821937, $45, $45.66, $43.74
07/18/2016, $47.81, 966882, $47.49, $48.25, $46.88
07/15/2016, $47.46, 899709, $47.23, $47.97, $46.47
07/14/2016, $47.55, 1122795, $47.9, $48.38, $47.17
07/13/2016, $47.54, 1313752, $49.8, $50.09, $47.44
07/12/2016, $48.93, 1521610, $47.51, $49.08, $47.5
07/11/2016, $46.96, 1032845, $46.46, $47.3, $46.18
07/08/2016, $46.03, 1094150, $45.37, $46.42, $45.28
07/07/2016, $45.18, 1019013, $43.74, $45.3, $43.74
07/06/2016, $43.64, 1235645, $43.31, $43.85, $42.81
07/05/2016, $44.31, 923036, $45.32, $45.32, $43.72
07/01/2016, $46.06, 864968, $44.87, $46.24, $44.84
06/30/2016, $44.87, 727373, $44.08, $44.92, $43.72
06/29/2016, $44.09, 1070597, $42.3, $44.45, $42.3
06/28/2016, $42.17, 822804, $41.6, $43, $41.18
06/27/2016, $41.31, 1500776, $41.99, $42.2, $40.49
06/24/2016, $42.29, 2710375, $42, $42.91, $41.46
06/23/2016, $43.89, 631997, $44.61, $44.95, $43.3
06/22/2016, $43.98, 508042, $43.78, $44.51, $43.53
06/21/2016, $43.57, 852708, $44.24, $44.79, $43.14
06/20/2016, $43.85, 1304266, $44.44, $44.99, $43.64
06/17/2016, $42.48, 805944, $42.27, $43.39, $42.27
06/16/2016, $42.33, 1017065, $42.36, $42.5, $41.14
06/15/2016, $42.94, 1029041, $43.42, $43.8581, $42.7
06/14/2016, $42.76, 1337088, $43.91, $44.24, $41.94
06/13/2016, $44.3, 1528735, $45.04, $45.13, $43.78
06/10/2016, $45.81, 1139800, $46.22, $46.87, $45.79
06/09/2016, $46.78, 990676, $45.43, $46.9232, $45.43
06/08/2016, $45.49, 1662060, $44.14, $46.4, $44.14
06/07/2016, $44.2, 1114630, $42.87, $45.22, $42.54
06/06/2016, $42.82, 718623, $42.94, $42.94, $41.95
06/03/2016, $42.94, 663804, $43.74, $43.74, $42.2
06/02/2016, $43.77, 784316, $43.23, $44.58, $42.62
06/01/2016, $43.42, 665521, $43.02, $43.5, $42.41
05/31/2016, $43.47, 642571, $43.61, $43.85, $42.8
05/27/2016, $43.54, 636227, $42.83, $43.62, $42.71
05/26/2016, $42.69, 458021, $42.77, $43.18, $42.03
05/25/2016, $42.79, 686659, $43.18, $43.19, $42.51
05/24/2016, $42.64, 478080, $41.81, $42.83, $41.775
05/23/2016, $41.72, 523371, $42.23, $42.66, $41.65
05/20/2016, $42.32, 563455, $42.03, $42.94, $41.93
05/19/2016, $41.82, 1054536, $41.43, $42.25, $40.68
05/18/2016, $41.95, 918662, $41.21, $42.97, $41.21
05/17/2016, $41.75, 2063165, $41.37, $42.55, $40.77
05/16/2016, $40.86, 1458599, $40.11, $41.245, $39.88
05/13/2016, $40.03, 1824684, $39.5, $40.67, $39.4101
05/12/2016, $39.37, 1508051, $40.71, $40.8699, $38.85
05/11/2016, $40.61, 476223, $42.79, $42.79, $40.59
05/10/2016, $41.63, 722711, $40.82, $41.76, $40.82
05/09/2016, $40.84, 569280, $41.31, $42.08, $40.79
05/06/2016, $41.08, 1141050, $41.36, $41.92, $40.48
05/05/2016, $41.89, 1035351, $41.95, $43.14, $41.45
05/04/2016, $41.35, 1189985, $42.73, $43.11, $41.295
05/03/2016, $43.15, 1423422, $43.58, $43.99, $42.85
05/02/2016, $43.82, 1511917, $45.48, $45.68, $43.5675
04/29/2016, $43.93, 1394816, $44.14, $45.036, $43.01
04/28/2016, $44.67, 1042496, $46.63, $46.665, $44.6
04/27/2016, $46.24, 2133057, $46.9, $47.98, $46.09
04/26/2016, $47.43, 2911114, $49.5, $52.2, $46.67
04/25/2016, $49.58, 873345, $49.74, $50.25, $49.33
04/22/2016, $49.7, 805513, $49.35, $50.25, $49.26
04/21/2016, $50.35, 889803, $51.45, $51.884, $50.28
04/20/2016, $51.39, 1629516, $51.84, $52.6, $50.8
04/19/2016, $52.96, 3116299, $50.98, $53.53, $50.7
04/18/2016, $50.05, 1390168, $50.1, $50.37, $49.38
04/15/2016, $50.11, 1083868, $49.46, $50.17, $49.219
04/14/2016, $49.14, 1525483, $48.33, $50.04, $48.11
04/13/2016, $48, 1084227, $45.27, $48.27, $45
04/12/2016, $45.59, 991504, $45.33, $46.16, $45.05
04/11/2016, $45.89, 764983, $46.39, $47.3322, $45.68
04/08/2016, $46.72, 635959, $46.26, $47.32, $45.96
04/07/2016, $45.91, 678474, $45.98, $46.76, $45.61
04/06/2016, $46.26, 659401, $46.5, $46.757, $45.5
04/05/2016, $46.71, 793667, $47.14, $48.49, $46.59
04/04/2016, $48.42, 1666644, $47.25, $49.33, $46.69
04/01/2016, $47, 1131949, $47.61, $47.706, $46.77
03/31/2016, $47.98, 880071, $48.34, $48.56, $47.79
03/30/2016, $48.33, 534551, $48.5, $48.75, $47.6
03/29/2016, $48.45, 901135, $47.06, $48.69, $47.05
03/28/2016, $47.16, 736439, $47.05, $47.44, $46.7
03/24/2016, $47.28, 1064801, $47.06, $47.34, $46.495
03/23/2016, $47.09, 1957404, $47.59, $48.15, $46.24
03/22/2016, $47.55, 933099, $48.03, $48.49, $47.5099
03/21/2016, $48.95, 644954, $50.02, $50.15, $48.76
03/18/2016, $49.32, 1372013, $47.91, $49.56, $47.91
03/17/2016, $47.87, 780003, $47.72, $48.2, $47.06
03/16/2016, $47.7, 647906, $46.67, $47.8167, $46.47
03/15/2016, $46.69, 757392, $47.1, $47.31, $46.22
03/14/2016, $47.15, 1251709, $47.64, $47.85, $46.96
03/11/2016, $47.71, 882837, $48.38, $48.9602, $47.62
03/10/2016, $47.97, 1926667, $45.87, $48.09, $45.76
03/09/2016, $47.1, 1078644, $47.24, $47.65, $45.7701
03/08/2016, $47.44, 1594377, $48.5, $48.695, $46.27
03/07/2016, $49.67, 791592, $49.28, $49.91, $48.48
03/04/2016, $49.74, 1520397, $50.15, $51.63, $49.44
03/03/2016, $50.14, 693558, $49.7, $50.25, $49.12
03/02/2016, $49.92, 903903, $49.41, $49.95, $48.58
03/01/2016, $49.01, 1079183, $47.85, $49.23, $47.85
02/29/2016, $47.75, 922089, $47.82, $48.93, $47.32
02/26/2016, $48.07, 1700505, $48.01, $48.79, $47.19
02/25/2016, $47.5, 942353, $47.44, $48.34, $46.9165
02/24/2016, $47.03, 912881, $46.4, $47.24, $45.6363
02/23/2016, $46.69, 1362488, $48.39, $48.39, $46.35
02/22/2016, $47.54, 1448591, $47.25, $48.98, $47.13
02/19/2016, $46.87, 1166579, $46.15, $48.1, $46.05
02/18/2016, $46.75, 1156858, $46.74, $47.26, $46.02
02/17/2016, $46.79, 2042605, $46.6, $48.59, $46.55
02/16/2016, $46.02, 1973314, $45, $46.49, $44.45
02/12/2016, $44.43, 1300524, $42.33, $44.79, $42.3
02/11/2016, $42.65, 1667171, $41.8, $43.81, $41.75
02/10/2016, $43.16, 2539804, $42.23, $44.98, $42.23
02/09/2016, $42.73, 3850496, $39.81, $44.34, $38.46
02/08/2016, $40.38, 2435977, $41.92, $41.95, $39.57
02/05/2016, $42.43, 1690993, $45.01, $45.95, $41.79
02/04/2016, $45.4, 1881461, $43.4, $45.75, $42.9916
02/03/2016, $43.61, 1248523, $42.56, $43.74, $40.4501
02/02/2016, $42.46, 2052766, $44.46, $44.745, $41.845
02/01/2016, $44.73, 2361409, $41.67, $45.54, $41.465
01/29/2016, $41.8, 1710399, $39.02, $42.07, $38.84
