Date,Year,Month,Day,UAL_Close,DAL_Close,AAL_Close,JBLU_Close,LUV_Close,SAVE_Close
2020-12-31,2020,12,31,43.25,40.21,15.77,14.54,46.61,24.45
2020-12-30,2020,12,30,44.65,40.56,16.15,14.855,46.41,24.87
2020-12-29,2020,12,29,43.74,40.03,15.86,14.68,46.15,24.68
2020-12-28,2020,12,28,43.92,40.15,16.06,14.81,46.12,25.07
2020-12-24,2020,12,24,43.26,39.73,15.66,14.43,46.28,24.42
2020-12-23,2020,12,23,44.11,40.24,15.89,14.47,46.75,24.55
2020-12-22,2020,12,22,42.97,38.94,15.48,13.88,45.32,24.04
2020-12-21,2020,12,21,44.055,40.14,16.1,14.24,45.8,25.37
2020-12-18,2020,12,18,44.74,40.68,16.51,14.35,46.03,25.88
2020-12-17,2020,12,17,45.88,41.11,16.8,14.28,46.39,26.57
2020-12-16,2020,12,16,46.0,41.08,16.86,14.65,45.73,26.16
2020-12-15,2020,12,15,47.46,41.85,17.01,14.82,46.42,26.68
2020-12-14,2020,12,14,46.72,40.69,16.7,14.6,45.26,25.99
2020-12-11,2020,12,11,48.36,41.74,17.05,14.8,45.88,26.23
2020-12-10,2020,12,10,49.64,42.62,17.99,15.5,46.8,27.03
2020-12-09,2020,12,9,48.02,42.11,17.16,15.325,45.76,26.14
2020-12-08,2020,12,8,49.04,42.41,17.63,15.42,47.28,26.3
2020-12-07,2020,12,7,49.2,42.35,17.21,15.42,47.89,25.41
2020-12-04,2020,12,4,49.24,42.36,16.4,15.61,47.59,25.76
2020-12-03,2020,12,3,49.91,42.95,16.09,15.89,47.82,24.53
2020-12-02,2020,12,2,46.73,41.07,14.86,14.97,47.44,23.12
2020-12-01,2020,12,1,45.32,39.96,14.27,15.42,47.27,22.57
2020-11-30,2020,11,30,45.05,40.25,14.13,15.09,46.34,22.63
2020-11-27,2020,11,27,45.3,41.06,14.98,15.71,47.73,23.37
2020-11-25,2020,11,25,45.64,41.29,14.94,15.82,48.27,22.98
2020-11-24,2020,11,24,44.96,41.26,14.82,15.86,48.25,22.88
2020-11-23,2020,11,23,40.93,38.79,13.56,15.13,46.81,21.07
2020-11-20,2020,11,20,39.9,37.13,12.53,14.51,45.54,20.33
2020-11-19,2020,11,19,40.94,37.91,12.79,14.81,46.08,20.89
2020-11-18,2020,11,18,41.05,37.91,12.74,14.63,45.6,20.31
2020-11-17,2020,11,17,40.6,37.6,12.7,14.86,45.66,20.19
2020-11-16,2020,11,16,41.0,38.0,12.79,14.79,45.58,20.43
2020-11-13,2020,11,13,38.99,36.46,12.24,14.16,43.88,19.73
2020-11-12,2020,11,12,36.85,34.38,11.74,13.39,41.92,18.11
2020-11-11,2020,11,11,38.51,35.02,12.04,14.09,43.22,19.4
2020-11-10,2020,11,10,40.05,37.04,12.38,14.94,44.81,20.17
2020-11-09,2020,11,9,41.32,36.77,13.2,15.03,43.89,21.31
2020-11-06,2020,11,6,34.68,31.42,11.46,12.35,40.01,17.69
2020-11-05,2020,11,5,35.35,31.98,11.6,12.54,41.05,17.95
2020-11-04,2020,11,4,33.34,30.43,11.005,11.92,38.93,17.22
2020-11-03,2020,11,3,34.02,30.9,11.25,11.97,38.85,17.7
2020-11-02,2020,11,2,33.78,30.22,11.19,12.0,38.4,17.6
2020-10-30,2020,10,30,33.86,30.64,11.28,11.97,39.53,17.57
2020-10-29,2020,10,29,33.57,30.76,11.16,11.56,39.57,17.04
2020-10-28,2020,10,28,32.6,29.65,10.95,11.11,38.14,15.56
2020-10-27,2020,10,27,34.17,30.71,11.23,11.88,39.93,16.53
2020-10-26,2020,10,26,35.34,31.93,11.8,12.56,41.1,17.13
2020-10-23,2020,10,23,38.01,34.0,12.6,13.43,42.79,18.58
2020-10-22,2020,10,22,37.24,33.72,13.15,13.0,41.93,17.96
2020-10-21,2020,10,21,35.54,31.5,12.745,11.93,39.84,16.41
2020-10-20,2020,10,20,36.06,31.98,12.8,12.3,40.16,17.11
2020-10-19,2020,10,19,35.5,31.5,12.56,12.26,39.85,16.4
2020-10-16,2020,10,16,34.16,31.47,12.46,12.24,39.68,16.18
2020-10-15,2020,10,15,34.25,31.34,12.23,12.31,38.8,16.1
2020-10-14,2020,10,14,35.61,31.76,12.36,12.295,39.25,16.44
2020-10-13,2020,10,13,35.26,31.77,12.22,12.14,39.13,16.2
2020-10-12,2020,10,12,36.38,32.64,12.92,12.37,39.19,16.7
2020-10-09,2020,10,9,37.12,32.81,13.2,12.74,39.73,17.27
2020-10-08,2020,10,8,37.0,32.68,13.155,12.75,38.99,17.04
2020-10-07,2020,10,7,36.38,32.15,13.07,12.29,38.59,16.55
2020-10-06,2020,10,6,34.88,31.06,12.53,11.51,37.58,15.75
2020-10-05,2020,10,5,36.2,32.0,13.12,11.76,38.49,16.38
2020-10-02,2020,10,2,36.01,31.75,13.0,11.77,38.76,16.71
2020-10-01,2020,10,1,35.18,31.1,12.58,11.46,37.93,16.38
2020-09-30,2020,9,30,34.75,30.58,12.29,11.33,37.5,16.1
2020-09-29,2020,9,29,34.51,30.61,12.25,11.42,37.61,16.02
2020-09-28,2020,9,28,35.94,31.34,12.76,11.95,38.24,16.53
2020-09-25,2020,9,25,34.2,29.78,12.29,11.53,37.1,16.2
2020-09-24,2020,9,24,32.74,29.01,11.77,11.3,36.86,15.71
2020-09-23,2020,9,23,33.08,29.56,11.93,11.5,37.55,16.08
2020-09-22,2020,9,22,34.07,30.22,12.34,11.8,38.12,16.55
2020-09-21,2020,9,21,33.79,29.82,12.21,11.54,37.52,16.23
2020-09-18,2020,9,18,36.97,32.84,13.19,12.65,39.83,17.7
2020-09-17,2020,9,17,38.355,33.96,13.63,12.91,40.4,18.1
2020-09-16,2020,9,16,38.3,34.57,13.8,13.0,42.1,18.55
2020-09-15,2020,9,15,36.8,33.51,13.14,12.62,40.61,18.08
2020-09-14,2020,9,14,36.74,32.82,13.26,12.63,40.06,17.83
2020-09-11,2020,9,11,36.07,31.7,12.95,12.34,38.95,17.28
2020-09-10,2020,9,10,36.45,31.79,13.005,12.25,38.94,17.48
2020-09-09,2020,9,9,36.03,31.76,13.05,12.25,39.22,17.54
2020-09-08,2020,9,8,37.28,32.54,13.63,12.44,40.5,18.37
2020-09-04,2020,9,4,38.21,31.77,13.61,12.13,39.39,17.88
2020-09-03,2020,9,3,37.4,31.22,13.36,11.75,38.74,17.73
2020-09-02,2020,9,2,36.89,31.14,13.23,11.68,39.17,17.61
2020-09-01,2020,9,1,36.01,30.71,13.1,11.45,37.91,17.59
2020-08-31,2020,8,31,36.0,30.85,13.05,11.52,37.58,17.88
2020-08-28,2020,8,28,37.34,31.99,13.59,11.97,38.81,18.49
2020-08-27,2020,8,27,36.22,30.82,13.28,11.6,37.65,18.31
2020-08-26,2020,8,26,34.25,29.95,12.785,11.15,36.38,17.7
2020-08-25,2020,8,25,35.22,30.1,13.14,11.37,37.06,17.99
2020-08-24,2020,8,24,36.32,29.8,13.44,11.43,36.91,18.21
2020-08-21,2020,8,21,33.04,27.27,12.16,10.56,34.69,16.98
2020-08-20,2020,8,20,34.05,27.62,12.5,10.82,34.46,17.21
2020-08-19,2020,8,19,34.44,27.67,12.68,10.98,34.27,17.19
2020-08-18,2020,8,18,33.98,27.63,12.6,11.05,34.16,17.32
2020-08-17,2020,8,17,34.4,28.02,12.62,11.13,33.81,17.06
2020-08-14,2020,8,14,36.18,28.95,13.33,11.48,34.9,17.76
2020-08-13,2020,8,13,35.81,28.7,13.3,11.34,34.71,17.55
2020-08-12,2020,8,12,36.4,29.09,13.54,11.61,35.25,17.85
2020-08-11,2020,8,11,36.83,29.64,13.73,11.71,35.29,18.04
2020-08-10,2020,8,10,37.54,29.34,14.0,11.69,34.99,18.3
2020-08-07,2020,8,7,34.33,27.18,13.03,10.76,33.28,17.28
2020-08-06,2020,8,6,34.4,27.08,13.04,10.82,33.02,17.26
2020-08-05,2020,8,5,33.73,26.47,12.56,10.745,32.72,17.15
2020-08-04,2020,8,4,32.29,25.67,11.47,10.29,31.4,16.5
2020-08-03,2020,8,3,31.87,25.2,11.08,10.11,31.58,15.37
2020-07-31,2020,7,31,31.38,24.97,11.12,10.34,30.89,15.81
2020-07-30,2020,7,30,31.74,24.94,11.18,10.2,30.96,16.24
2020-07-29,2020,7,29,32.57,25.72,11.4,9.95,31.79,16.45
2020-07-28,2020,7,28,33.46,25.94,11.77,10.31,32.29,16.54
2020-07-27,2020,7,27,32.42,25.5,11.39,10.225,31.53,16.15
2020-07-24,2020,7,24,32.88,25.96,11.39,10.29,31.66,16.47
2020-07-23,2020,7,23,33.23,26.78,11.77,10.71,32.79,16.84
2020-07-22,2020,7,22,31.67,26.25,11.36,10.62,33.3,16.66
2020-07-21,2020,7,21,33.07,26.43,11.47,10.57,33.62,16.65
2020-07-20,2020,7,20,32.33,26.22,11.47,10.53,32.98,16.65
2020-07-17,2020,7,17,33.92,27.05,11.91,10.82,34.13,17.61
2020-07-16,2020,7,16,34.49,27.26,12.45,11.02,34.21,18.06
2020-07-15,2020,7,15,36.37,28.6,13.44,11.55,35.75,19.36
2020-07-14,2020,7,14,31.74,26.11,11.57,10.39,33.25,17.27
2020-07-13,2020,7,13,31.76,26.82,11.63,10.17,32.64,16.72
2020-07-10,2020,7,10,32.67,27.09,11.94,10.6,33.22,17.53
2020-07-09,2020,7,9,30.17,25.65,11.18,9.98,31.57,15.91
2020-07-08,2020,7,8,32.53,27.01,11.99,10.6,32.89,16.71
2020-07-07,2020,7,7,32.55,27.01,11.91,10.5,33.01,16.77
2020-07-06,2020,7,6,35.21,28.44,12.8,11.01,34.3,17.74
2020-07-02,2020,7,2,34.14,27.72,12.5,10.67,34.12,17.4
2020-07-01,2020,7,1,34.45,27.7,12.81,10.67,33.81,17.73
2020-06-30,2020,6,30,34.61,28.05,13.07,10.9,34.18,17.8
2020-06-29,2020,6,29,35.27,28.61,13.32,11.055,35.04,18.0
2020-06-26,2020,6,26,32.89,26.91,12.38,10.3,31.96,16.58
2020-06-25,2020,6,25,34.69,28.01,13.17,10.67,32.97,17.4
2020-06-24,2020,6,24,33.07,27.34,13.04,10.255,32.25,16.92
2020-06-23,2020,6,23,36.08,29.64,14.0,11.34,34.75,18.78
2020-06-22,2020,6,22,36.54,29.31,14.92,11.21,34.36,18.5
2020-06-19,2020,6,19,36.84,29.51,16.0,11.4,34.55,18.81
2020-06-18,2020,6,18,39.34,30.79,16.49,12.04,35.85,19.9
2020-06-17,2020,6,17,39.25,30.72,16.98,11.935,36.31,19.92
2020-06-16,2020,6,16,40.21,31.3,17.03,12.27,36.57,20.72
2020-06-15,2020,6,15,39.0,30.46,16.7,12.01,36.34,19.73
2020-06-12,2020,6,12,39.66,30.43,16.74,12.22,35.87,18.82
2020-06-11,2020,6,11,33.32,27.2,14.38,11.11,32.83,16.08
2020-06-10,2020,6,10,39.72,31.64,17.02,12.63,37.14,19.47
2020-06-09,2020,6,9,44.64,34.17,18.55,14.21,38.01,22.76
2020-06-08,2020,6,8,48.69,36.97,20.31,15.59,40.59,25.56
2020-06-05,2020,6,5,42.405,34.16,18.59,13.69,38.18,22.62
2020-06-04,2020,6,4,39.1,32.38,16.72,13.02,38.27,21.02
2020-06-03,2020,6,3,33.65,28.47,11.85,11.27,36.42,17.31
2020-06-02,2020,6,2,29.91,26.41,11.22,10.31,34.48,14.49
2020-06-01,2020,6,1,29.46,26.17,11.11,10.2,33.62,13.96
2020-05-29,2020,5,29,28.04,25.21,10.5,10.07,32.1,12.95
2020-05-28,2020,5,28,28.89,25.66,10.98,10.17,32.55,12.93
2020-05-27,2020,5,27,30.69,26.32,11.98,10.9,33.66,13.9
2020-05-26,2020,5,26,29.54,25.65,11.14,10.565,32.52,12.31
2020-05-22,2020,5,22,25.4,22.69,9.7,9.24,28.87,10.17
2020-05-21,2020,5,21,25.84,23.16,9.89,9.42,29.6,10.07
2020-05-20,2020,5,20,24.91,22.72,9.87,9.19,29.15,9.75
2020-05-19,2020,5,19,23.68,21.76,9.64,8.92,27.69,9.69
2020-05-18,2020,5,18,24.13,21.86,9.87,8.98,27.09,9.99
2020-05-15,2020,5,15,19.92,19.19,9.04,8.24,23.87,8.01
2020-05-14,2020,5,14,20.3,19.38,9.15,8.23,24.78,8.3
2020-05-13,2020,5,13,20.71,19.41,9.11,7.89,24.0,8.2
2020-05-12,2020,5,12,22.76,21.03,9.65,8.06,25.24,9.45
2020-05-11,2020,5,11,23.97,22.01,10.1,8.56,26.09,10.19
2020-05-08,2020,5,8,25.42,22.72,10.14,9.09,27.2,10.56
2020-05-07,2020,5,7,22.75,21.68,9.54,8.18,25.45,10.51
2020-05-06,2020,5,6,22.91,21.0,9.25,8.02,24.93,11.55
2020-05-05,2020,5,5,24.12,21.71,9.51,8.29,26.42,12.31
2020-05-04,2020,5,4,25.26,22.57,9.82,8.62,27.56,12.9
2020-05-01,2020,5,1,26.62,24.12,10.64,9.02,29.23,13.17
2020-04-30,2020,4,30,29.58,25.91,12.01,9.74,31.25,15.02
2020-04-29,2020,4,29,31.21,27.32,12.63,10.13,30.97,15.38
2020-04-28,2020,4,28,27.84,24.34,11.26,9.02,29.69,14.34
2020-04-27,2020,4,27,25.0,22.16,10.02,8.12,29.11,12.25
2020-04-24,2020,4,24,25.56,22.41,10.31,7.95,29.33,12.15
2020-04-23,2020,4,23,25.72,22.48,10.25,8.01,30.14,11.8
2020-04-22,2020,4,22,25.88,22.47,10.27,7.86,29.71,11.93
2020-04-21,2020,4,21,27.88,23.1,11.0,8.33,30.11,12.75
2020-04-20,2020,4,20,27.79,23.64,11.06,8.63,31.06,12.95
2020-04-17,2020,4,17,29.08,24.27,11.57,8.98,31.19,13.35
2020-04-16,2020,4,16,28.21,22.78,11.07,8.73,30.68,12.66
2020-04-15,2020,4,15,31.86,24.35,12.29,9.19,32.82,13.76
2020-04-14,2020,4,14,30.9,24.54,11.945,9.24,34.78,13.88
2020-04-13,2020,4,13,28.91,23.25,11.56,9.03,34.26,13.32
2020-04-09,2020,4,9,31.5,24.39,12.51,9.5,36.47,14.08
2020-04-08,2020,4,8,27.51,23.23,11.33,9.03,34.3,12.51
2020-04-07,2020,4,7,24.48,22.25,10.22,8.76,32.77,11.44
2020-04-06,2020,4,6,24.02,22.32,9.5,7.73,30.7,10.47
2020-04-03,2020,4,3,22.885,22.48,9.39,7.48,30.54,10.51
2020-04-02,2020,4,2,23.42,22.68,10.06,7.63,31.5,10.53
2020-04-01,2020,4,1,25.65,23.87,10.69,8.11,32.04,11.32
2020-03-31,2020,3,31,31.55,28.53,12.19,8.95,35.61,12.89
2020-03-30,2020,3,30,30.16,28.67,12.25,8.79,35.1,12.42
2020-03-27,2020,3,27,32.84,29.55,14.04,9.75,36.38,14.79
2020-03-26,2020,3,26,35.55,31.7,15.66,10.93,41.23,16.51
2020-03-25,2020,3,25,36.6,31.1,15.39,11.34,39.4,15.96
2020-03-24,2020,3,24,33.0,26.89,13.92,9.4,37.66,13.53
2020-03-23,2020,3,23,26.25,22.22,10.25,6.86,33.73,9.83
2020-03-20,2020,3,20,24.5,21.35,10.38,7.15,31.94,8.69
2020-03-19,2020,3,19,21.28,21.51,10.29,7.6,30.86,8.39
2020-03-18,2020,3,18,21.38,23.49,11.65,7.66,35.15,9.01
2020-03-17,2020,3,17,30.67,31.74,15.58,9.52,38.25,11.72
2020-03-16,2020,3,16,35.47,35.81,15.92,10.61,37.52,11.66
2020-03-13,2020,3,13,41.64,38.36,14.31,11.18,41.28,15.08
2020-03-12,2020,3,12,37.08,33.71,13.45,11.49,36.07,14.06
2020-03-11,2020,3,11,49.34,42.67,16.26,13.57,42.49,20.93
2020-03-10,2020,3,10,52.56,45.47,17.0,14.58,45.56,22.48
2020-03-09,2020,3,9,46.78,43.52,14.75,13.4,43.62,21.41
2020-03-06,2020,3,6,52.1,45.89,15.97,13.88,45.73,22.52
2020-03-05,2020,3,5,51.59,45.01,16.04,13.86,45.25,21.54
2020-03-04,2020,3,4,59.47,48.5,18.53,15.54,46.93,26.34
2020-03-03,2020,3,3,58.29,46.18,17.85,15.01,45.21,25.23
2020-03-02,2020,3,2,61.26,47.16,18.86,15.57,46.95,27.27
2020-02-28,2020,2,28,61.59,46.13,19.05,15.78,46.19,28.45
2020-02-27,2020,2,27,64.94,48.19,20.6,16.27,46.63,29.75
2020-02-26,2020,2,26,66.53,49.59,22.31,17.12,48.9,32.92
2020-02-25,2020,2,25,70.57,50.89,23.12,18.25,49.66,34.71
2020-02-24,2020,2,24,75.47,54.23,25.45,19.38,54.11,37.46
2020-02-21,2020,2,21,78.01,57.87,27.82,20.61,56.53,41.1
2020-02-20,2020,2,20,79.91,58.38,28.51,20.83,56.94,41.25
2020-02-19,2020,2,19,79.42,58.51,28.33,20.81,57.11,41.14
2020-02-18,2020,2,18,80.24,58.72,28.63,21.3,57.6,42.59
2020-02-14,2020,2,14,79.55,58.9,29.2,21.27,57.97,43.88
2020-02-13,2020,2,13,80.99,59.13,30.09,21.56,58.54,44.58
2020-02-12,2020,2,12,82.2,59.47,30.47,21.13,58.48,43.93
2020-02-11,2020,2,11,80.53,58.66,29.84,20.51,57.93,43.31
2020-02-10,2020,2,10,79.47,57.71,28.79,20.02,57.42,43.76
2020-02-07,2020,2,7,79.48,57.92,28.38,19.94,57.26,44.2
2020-02-06,2020,2,6,80.5,58.18,28.3,20.08,57.72,42.8
2020-02-05,2020,2,5,81.85,58.89,29.1,20.69,56.95,44.44
2020-02-04,2020,2,4,78.89,57.93,28.43,20.42,55.68,43.34
2020-02-03,2020,2,3,74.91,56.04,27.16,20.02,55.22,41.96
2020-01-31,2020,1,31,74.8,55.74,26.84,19.83,54.98,41.07
2020-01-30,2020,1,30,77.75,57.1,27.72,20.2,55.83,42.44
2020-01-29,2020,1,29,75.21,56.65,26.8,19.94,56.89,42.71
2020-01-28,2020,1,28,77.05,57.48,26.9,20.27,57.6,42.4
2020-01-27,2020,1,27,77.63,56.83,26.11,20.04,56.25,41.32
2020-01-24,2020,1,24,81.9,58.81,27.64,20.645,56.55,42.1
2020-01-23,2020,1,23,84.88,60.27,28.8,21.07,55.4,42.84
2020-01-22,2020,1,22,83.34,59.64,27.32,19.795,53.48,42.6
2020-01-21,2020,1,21,85.79,60.34,27.2,19.05,53.54,41.72
2020-01-17,2020,1,17,89.7,62.03,28.4,19.21,55.01,42.93
2020-01-16,2020,1,16,89.54,61.88,28.23,19.0,55.3,42.65
2020-01-15,2020,1,15,88.29,61.62,27.58,18.7,55.03,39.68
2020-01-14,2020,1,14,87.85,61.45,27.53,18.52,54.49,40.11
2020-01-13,2020,1,13,86.89,59.49,27.39,18.6,53.99,39.76
2020-01-10,2020,1,10,87.31,59.24,27.32,18.71,53.94,39.79
2020-01-09,2020,1,9,87.95,58.96,27.95,18.71,54.3,40.0
2020-01-08,2020,1,8,87.3,58.85,27.84,18.5,54.37,39.94
2020-01-07,2020,1,7,86.77,57.61,27.22,18.41,54.29,39.5
2020-01-06,2020,1,6,87.7,57.66,27.32,18.48,54.13,40.39
2020-01-03,2020,1,3,87.9,58.06,27.65,18.57,54.35,39.82
2020-01-02,2020,1,2,89.74,59.04,29.09,18.89,54.84,40.65
2019-12-31,2019,12,31,88.09,58.48,28.68,18.72,53.98,40.31
2019-12-30,2019,12,30,87.96,58.66,28.3,18.71,54.08,39.8
2019-12-27,2019,12,27,88.37,59.08,28.44,18.89,54.32,40.58
2019-12-26,2019,12,26,89.26,59.56,29.67,19.1,54.9,41.22
2019-12-24,2019,12,24,89.15,59.39,29.18,19.12,54.94,41.19
2019-12-23,2019,12,23,89.44,59.44,29.3,19.2,55.25,41.03
2019-12-20,2019,12,20,89.28,58.97,29.04,19.21,54.63,41.37
2019-12-19,2019,12,19,89.22,59.14,28.55,18.89,54.08,41.29
2019-12-18,2019,12,18,88.84,58.58,28.0,18.79,53.6,40.42
2019-12-17,2019,12,17,89.36,58.69,28.28,18.97,54.18,40.96
2019-12-16,2019,12,16,88.63,58.42,27.92,18.7,54.35,39.17
2019-12-13,2019,12,13,87.58,56.73,27.48,18.58,54.15,38.24
2019-12-12,2019,12,12,88.47,56.69,27.72,18.92,54.49,38.36
2019-12-11,2019,12,11,87.02,55.08,26.86,18.73,54.0,37.97
2019-12-10,2019,12,10,86.51,55.53,27.0,18.9,54.91,38.22
2019-12-09,2019,12,9,87.61,55.8,27.49,18.93,55.47,38.49
2019-12-06,2019,12,6,88.58,56.14,27.725,19.02,55.94,39.21
2019-12-05,2019,12,5,87.86,55.88,27.24,19.14,55.53,38.07
2019-12-04,2019,12,4,88.17,56.06,27.38,19.32,55.78,38.19
2019-12-03,2019,12,3,88.87,55.62,27.29,18.8,55.93,38.02
2019-12-02,2019,12,2,91.63,56.75,28.08,19.2,56.72,39.59
2019-11-29,2019,11,29,92.8,57.31,28.74,19.27,57.64,39.07
2019-11-27,2019,11,27,93.05,57.07,28.95,19.26,57.75,39.19
2019-11-26,2019,11,26,92.76,57.46,29.05,19.32,57.59,39.1
2019-11-25,2019,11,25,92.52,56.35,28.99,19.195,57.56,39.92
2019-11-22,2019,11,22,91.78,56.11,28.68,18.96,57.01,38.47
2019-11-21,2019,11,21,90.97,55.31,27.93,18.63,56.59,37.67
2019-11-20,2019,11,20,91.7,55.67,28.23,19.02,56.83,38.13
2019-11-19,2019,11,19,93.29,57.07,29.29,19.36,57.55,38.82
2019-11-18,2019,11,18,92.77,57.08,28.6,19.47,57.78,37.91
2019-11-15,2019,11,15,92.51,56.85,28.86,19.62,57.79,38.23
2019-11-14,2019,11,14,92.52,56.55,28.77,19.57,57.63,37.69
2019-11-13,2019,11,13,92.42,56.5,28.66,19.58,57.59,37.48
2019-11-12,2019,11,12,92.72,57.22,29.52,19.3,57.85,37.86
2019-11-11,2019,11,11,93.53,57.21,30.59,19.76,58.26,38.72
2019-11-08,2019,11,8,93.44,57.58,30.76,19.57,58.18,38.98
2019-11-07,2019,11,7,93.8,57.66,30.89,19.575,58.24,39.4
2019-11-06,2019,11,6,93.34,57.58,30.96,19.66,57.86,39.19
2019-11-05,2019,11,5,93.12,57.51,31.18,19.62,57.88,38.93
2019-11-04,2019,11,4,92.39,56.88,30.95,19.44,56.98,38.48
2019-11-01,2019,11,1,91.65,56.02,30.56,19.48,56.26,38.07
2019-10-31,2019,10,31,90.84,55.08,30.06,19.3,56.13,37.56
2019-10-30,2019,10,30,91.67,55.32,30.29,19.46,57.04,37.69
2019-10-29,2019,10,29,91.03,55.38,30.92,19.47,57.21,37.17
2019-10-28,2019,10,28,92.19,55.17,31.36,19.23,57.64,38.14
2019-10-25,2019,10,25,91.64,54.6,30.86,18.76,56.74,37.93
2019-10-24,2019,10,24,89.81,53.79,29.41,18.43,56.29,37.26
2019-10-23,2019,10,23,89.9,53.81,28.29,18.88,53.24,37.75
2019-10-22,2019,10,22,89.71,54.65,28.26,18.8,52.92,37.23
2019-10-21,2019,10,21,90.78,54.58,28.62,17.52,53.23,37.88
2019-10-18,2019,10,18,90.085,53.83,28.22,16.96,53.48,36.78
2019-10-17,2019,10,17,89.46,53.37,27.93,17.19,53.86,36.77
2019-10-16,2019,10,16,89.7,53.17,28.05,16.975,53.67,36.05
2019-10-15,2019,10,15,87.88,53.64,28.27,17.135,54.16,36.89
2019-10-14,2019,10,14,86.97,52.99,27.615,16.91,54.03,35.83
2019-10-11,2019,10,11,87.15,52.95,27.355,16.85,53.92,36.05
2019-10-10,2019,10,10,87.34,53.1,27.18,16.895,53.67,33.99
2019-10-09,2019,10,9,86.46,53.92,27.065,16.745,53.49,33.7
2019-10-08,2019,10,8,84.69,53.2,26.26,16.545,53.03,33.1
2019-10-07,2019,10,7,84.85,53.36,25.83,16.61,53.04,34.03
2019-10-04,2019,10,4,84.29,53.81,25.83,16.36,52.79,33.99
2019-10-03,2019,10,3,83.27,52.83,25.265,16.02,52.26,33.64
2019-10-02,2019,10,2,83.69,54.35,25.37,16.12,52.04,34.7
2019-10-01,2019,10,1,87.84,57.01,26.8,16.53,53.37,35.88
2019-09-30,2019,9,30,88.41,57.6,26.97,16.75,54.01,36.3
2019-09-27,2019,9,27,88.14,58.28,27.01,16.8,54.34,36.31
2019-09-26,2019,9,26,88.45,58.78,27.19,16.94,54.58,37.02
2019-09-25,2019,9,25,89.17,58.31,27.44,16.86,54.82,36.95
2019-09-24,2019,9,24,88.3,58.0,26.995,16.63,54.73,36.53
2019-09-23,2019,9,23,88.21,58.02,27.5,16.77,54.48,37.26
2019-09-20,2019,9,20,89.09,58.63,27.99,16.92,54.49,38.03
2019-09-19,2019,9,19,89.42,58.69,28.3,17.11,55.08,37.92
2019-09-18,2019,9,18,90.23,59.31,28.6,17.27,56.23,38.29
2019-09-17,2019,9,17,89.98,59.37,28.64,17.14,55.73,38.69
2019-09-16,2019,9,16,88.76,59.07,27.77,16.86,55.81,38.38
2019-09-13,2019,9,13,91.35,60.01,29.95,17.39,55.79,38.76
2019-09-12,2019,9,12,89.38,59.44,29.94,17.16,54.98,38.27
2019-09-11,2019,9,11,88.38,58.78,29.76,17.32,54.71,38.75
2019-09-10,2019,9,10,87.56,58.64,29.12,16.76,53.38,37.88
2019-09-09,2019,9,9,87.33,58.11,28.44,17.03,53.08,36.14
2019-09-06,2019,9,6,86.3,57.98,27.79,16.67,52.14,37.06
2019-09-05,2019,9,5,85.84,58.19,27.69,16.52,52.52,37.32
2019-09-04,2019,9,4,83.91,57.23,27.0,16.39,52.1,36.13
2019-09-03,2019,9,3,83.15,57.29,26.51,17.17,51.38,36.09
2019-08-30,2019,8,30,84.31,57.86,26.31,17.32,52.32,37.54
2019-08-29,2019,8,29,84.69,57.88,26.32,17.35,52.3,37.81
2019-08-28,2019,8,28,82.45,56.68,25.33,16.75,51.16,36.98
2019-08-27,2019,8,27,81.94,56.14,24.45,16.55,50.49,36.03
2019-08-26,2019,8,26,83.58,56.28,25.19,17.1,50.69,37.55
2019-08-23,2019,8,23,82.53,56.2,25.42,17.22,50.56,37.73
2019-08-22,2019,8,22,85.56,57.96,26.53,18.01,51.19,38.8
2019-08-21,2019,8,21,85.29,58.01,26.42,18.01,50.59,38.52
2019-08-20,2019,8,20,84.03,57.68,25.83,17.95,50.02,38.6
2019-08-19,2019,8,19,83.89,58.19,26.1,18.34,50.64,38.59
2019-08-16,2019,8,16,82.94,58.04,25.79,18.4,49.79,38.4
2019-08-15,2019,8,15,81.62,57.11,25.41,18.02,48.21,37.31
2019-08-14,2019,8,14,81.95,57.23,26.1,18.25,48.76,37.47
2019-08-13,2019,8,13,84.56,58.84,27.51,18.78,49.92,38.94
2019-08-12,2019,8,12,84.71,58.66,27.64,19.01,50.05,39.01
2019-08-09,2019,8,9,86.98,59.53,28.78,19.45,50.45,39.97
2019-08-08,2019,8,8,87.63,60.03,29.08,19.69,50.49,40.83
2019-08-07,2019,8,7,86.48,59.24,28.63,19.36,49.93,40.8
2019-08-06,2019,8,6,85.46,58.79,28.36,19.13,49.71,41.3
2019-08-05,2019,8,5,85.59,57.82,28.53,18.89,48.96,41.36
2019-08-02,2019,8,2,89.43,60.13,29.45,19.03,50.62,42.11
2019-08-01,2019,8,1,90.49,60.32,29.84,19.13,50.96,42.37
2019-07-31,2019,7,31,91.91,61.04,30.51,19.23,51.53,42.43
2019-07-30,2019,7,30,93.93,62.63,30.71,19.46,52.55,42.19
2019-07-29,2019,7,29,93.44,62.46,30.74,19.44,52.88,42.37
2019-07-26,2019,7,26,93.36,62.16,31.24,19.38,53.25,43.56
2019-07-25,2019,7,25,93.93,62.23,31.67,19.52,54.91,42.01
2019-07-24,2019,7,24,95.11,63.16,34.59,19.56,54.72,55.05
2019-07-23,2019,7,23,94.93,63.09,33.73,19.28,54.12,53.72
2019-07-22,2019,7,22,93.83,61.29,32.9,18.96,52.68,52.38
2019-07-19,2019,7,19,93.83,60.91,33.08,18.91,52.02,50.89
2019-07-18,2019,7,18,95.28,62.66,33.74,19.22,52.44,51.28
2019-07-17,2019,7,17,94.78,62.25,33.26,19.08,52.3,50.65
2019-07-16,2019,7,16,93.92,63.16,34.22,19.5,53.28,51.42
2019-07-15,2019,7,15,91.32,61.7,33.61,18.73,52.26,50.91
2019-07-12,2019,7,12,91.23,61.65,33.78,18.87,52.51,50.81
2019-07-11,2019,7,11,89.48,60.16,33.03,18.69,51.84,52.22
2019-07-10,2019,7,10,89.51,59.47,32.94,18.94,51.86,51.41
2019-07-09,2019,7,9,89.46,58.96,32.36,18.99,51.69,50.77
2019-07-08,2019,7,8,90.67,59.37,32.79,19.46,52.08,51.69
2019-07-05,2019,7,5,90.59,58.7,32.46,19.19,51.88,50.87
2019-07-03,2019,7,3,90.67,59.15,32.72,19.13,51.89,50.47
2019-07-02,2019,7,2,88.87,58.54,32.19,18.79,51.43,48.9
2019-07-01,2019,7,1,88.45,57.79,32.88,18.6,51.54,48.94
2019-06-28,2019,6,28,87.55,56.75,32.61,18.49,50.78,47.73
2019-06-27,2019,6,27,86.43,56.82,32.15,18.27,50.74,46.95
2019-06-26,2019,6,26,85.33,56.38,31.46,18.1,50.7,45.95
2019-06-25,2019,6,25,85.06,55.92,31.26,18.31,51.0,46.96
2019-06-24,2019,6,24,86.55,56.07,31.82,18.45,51.22,47.58
2019-06-21,2019,6,21,86.72,55.99,31.57,18.59,51.25,47.74
2019-06-20,2019,6,20,87.14,55.97,32.15,18.88,51.52,48.68
2019-06-19,2019,6,19,88.66,56.36,33.21,19.05,51.51,49.63
2019-06-18,2019,6,18,87.4,56.03,32.52,19.26,51.7,50.56
2019-06-17,2019,6,17,86.77,55.67,32.56,19.39,51.18,49.99
2019-06-14,2019,6,14,87.12,55.99,32.68,19.35,51.82,50.32
2019-06-13,2019,6,13,87.11,56.52,33.09,19.44,52.38,51.4
2019-06-12,2019,6,12,83.79,55.45,31.1,19.24,50.81,49.68
2019-06-11,2019,6,11,82.77,54.88,30.58,19.09,50.58,49.67
2019-06-10,2019,6,10,82.67,54.73,30.76,18.25,50.3,49.06
2019-06-07,2019,6,7,83.27,55.07,30.92,18.3,50.37,49.12
2019-06-06,2019,6,6,82.96,54.69,30.38,17.92,49.98,49.94
2019-06-05,2019,6,5,81.85,54.94,30.36,18.13,50.22,50.43
2019-06-04,2019,6,4,80.52,54.31,29.12,17.81,48.95,49.33
2019-06-03,2019,6,3,77.72,52.1,27.2,17.24,47.79,47.22
2019-05-31,2019,5,31,77.65,51.5,27.23,17.23,47.6,46.08
2019-05-30,2019,5,30,79.47,53.03,28.17,17.36,49.39,47.02
2019-05-29,2019,5,29,79.25,53.21,28.41,17.12,49.56,46.76
2019-05-28,2019,5,28,79.81,53.88,28.73,17.21,50.03,46.9
2019-05-24,2019,5,24,80.79,54.12,29.17,17.47,51.15,47.2
2019-05-23,2019,5,23,80.91,54.0,29.5,17.58,50.96,48.3
2019-05-22,2019,5,22,81.88,54.06,29.92,17.56,52.57,47.94
2019-05-21,2019,5,21,82.97,54.83,31.3,17.87,53.37,48.77
2019-05-20,2019,5,20,81.74,54.28,30.96,17.57,52.01,47.03
2019-05-17,2019,5,17,81.5,54.89,31.74,17.81,52.24,47.64
2019-05-16,2019,5,16,82.58,55.38,32.32,17.84,52.59,48.53
2019-05-15,2019,5,15,82.35,55.05,32.16,17.83,52.01,48.47
2019-05-14,2019,5,14,83.45,55.25,32.34,17.97,51.65,48.21
2019-05-13,2019,5,13,82.07,54.8,32.14,17.61,51.04,47.81
2019-05-10,2019,5,10,84.79,56.62,33.99,18.31,52.74,49.66
2019-05-09,2019,5,9,84.12,56.59,33.95,18.34,52.46,49.42
2019-05-08,2019,5,8,84.64,56.45,33.75,18.44,52.41,49.9
2019-05-07,2019,5,7,85.68,57.17,33.91,18.52,52.21,50.77
2019-05-06,2019,5,6,87.79,57.73,34.75,18.71,53.48,51.56
2019-05-03,2019,5,3,88.5,57.8,34.79,18.71,53.62,52.5
2019-05-02,2019,5,2,88.31,57.66,33.95,18.63,53.37,52.52
2019-05-01,2019,5,1,87.94,57.18,33.91,18.63,53.9,52.56
2019-04-30,2019,4,30,88.86,58.29,34.18,18.55,54.23,54.38
2019-04-29,2019,4,29,89.61,57.73,33.77,18.25,53.83,53.79
2019-04-26,2019,4,26,87.94,57.11,33.06,18.12,52.98,52.7
2019-04-25,2019,4,25,86.86,56.71,33.41,18.03,53.35,52.88
2019-04-24,2019,4,24,88.03,57.85,33.99,18.19,52.93,58.3
2019-04-23,2019,4,23,87.97,58.24,33.97,17.55,52.79,57.49
2019-04-22,2019,4,22,87.56,57.75,33.48,16.83,51.71,55.65
2019-04-18,2019,4,18,88.28,58.17,34.37,16.96,52.18,56.19
2019-04-17,2019,4,17,89.24,58.43,34.38,16.98,52.76,55.56
2019-04-16,2019,4,16,85.17,58.11,34.03,16.88,52.78,54.98
2019-04-15,2019,4,15,84.52,57.45,33.75,16.93,52.29,55.17
2019-04-12,2019,4,12,85.49,58.05,34.69,17.04,53.13,56.22
2019-04-11,2019,4,11,85.75,58.39,34.81,17.14,53.0,56.92
2019-04-10,2019,4,10,84.52,57.86,34.02,16.92,52.62,56.84
2019-04-09,2019,4,9,84.25,56.95,33.31,16.34,51.89,54.81
2019-04-08,2019,4,8,84.58,57.71,33.88,16.58,51.94,54.7
2019-04-05,2019,4,5,84.91,57.73,34.06,16.64,53.25,54.44
2019-04-04,2019,4,4,84.64,57.22,33.93,16.6,53.18,54.3
2019-04-03,2019,4,3,84.2,57.0,33.71,16.77,52.89,54.28
2019-04-02,2019,4,2,82.77,55.33,32.99,16.81,52.71,53.82
2019-04-01,2019,4,1,80.87,52.18,32.35,16.61,52.41,53.23
2019-03-29,2019,3,29,79.78,51.65,31.76,16.36,51.91,52.86
2019-03-28,2019,3,28,78.6,50.32,30.9,16.18,50.45,51.75
2019-03-27,2019,3,27,78.53,49.97,30.94,16.14,49.83,53.21
2019-03-26,2019,3,26,77.49,49.09,30.21,15.78,48.75,52.45
2019-03-25,2019,3,25,78.12,49.03,30.21,15.67,48.69,51.55
2019-03-22,2019,3,22,79.63,49.76,30.57,15.93,49.32,53.05
2019-03-21,2019,3,21,81.0,50.3,31.45,16.3,50.74,53.99
2019-03-20,2019,3,20,79.83,49.87,30.96,16.31,49.7,52.6
2019-03-19,2019,3,19,81.34,50.96,31.59,16.62,50.74,53.7
2019-03-18,2019,3,18,80.73,50.74,31.38,16.63,51.08,52.85
2019-03-15,2019,3,15,81.69,51.19,31.43,16.74,51.37,54.2
2019-03-14,2019,3,14,81.49,50.94,32.13,16.71,51.16,55.15
2019-03-13,2019,3,13,81.21,51.02,31.84,16.83,50.61,54.77
2019-03-12,2019,3,12,79.85,50.67,30.92,16.5,50.4,52.81
2019-03-11,2019,3,11,82.38,51.12,32.05,16.51,51.61,53.07
2019-03-08,2019,3,8,82.4,49.59,31.91,16.08,51.77,51.68
2019-03-07,2019,3,7,82.61,49.59,32.22,16.19,52.43,52.79
2019-03-06,2019,3,6,84.33,49.71,32.76,16.42,53.06,53.3
2019-03-05,2019,3,5,85.05,49.72,33.23,16.43,53.39,56.21
2019-03-04,2019,3,4,84.31,48.79,33.72,16.56,53.83,57.06
2019-03-01,2019,3,1,86.92,48.96,34.64,16.93,54.34,56.61
2019-02-28,2019,2,28,87.81,49.58,35.63,16.7,56.04,56.25
2019-02-27,2019,2,27,87.6,50.43,35.69,16.9,53.85,58.57
2019-02-26,2019,2,26,89.53,51.12,36.25,17.18,53.69,61.01
2019-02-25,2019,2,25,89.58,51.41,35.9,17.25,53.96,60.59
2019-02-22,2019,2,22,89.43,51.52,35.49,17.22,53.62,60.12
2019-02-21,2019,2,21,88.84,51.48,34.98,17.49,54.31,59.58
2019-02-20,2019,2,20,88.5,51.24,35.06,17.56,54.41,58.01
2019-02-19,2019,2,19,89.24,51.82,35.47,17.93,57.67,62.34
2019-02-15,2019,2,15,88.31,51.08,35.05,17.96,57.7,61.67
2019-02-14,2019,2,14,88.15,50.48,36.11,18.08,58.0,61.42
2019-02-13,2019,2,13,88.58,50.41,36.21,18.05,58.0,60.93
2019-02-12,2019,2,12,87.97,49.89,35.75,17.89,57.7,61.65
2019-02-11,2019,2,11,89.15,50.61,36.59,18.26,58.28,63.06
2019-02-08,2019,2,8,88.17,50.47,36.0,18.14,57.65,61.44
2019-02-07,2019,2,7,87.86,50.41,36.17,18.1,57.48,62.71
2019-02-06,2019,2,6,89.75,50.52,36.76,18.14,57.61,60.9
2019-02-05,2019,2,5,89.46,50.54,36.93,17.97,57.88,62.95
2019-02-04,2019,2,4,88.62,50.34,36.78,18.0,58.29,62.78
2019-02-01,2019,2,1,87.49,49.92,36.11,17.91,57.13,61.13
2019-01-31,2019,1,31,87.27,49.43,35.77,17.99,56.76,58.82
2019-01-30,2019,1,30,87.47,50.27,36.34,18.36,57.49,59.43
2019-01-29,2019,1,29,85.67,48.22,36.29,18.12,56.37,57.64
2019-01-28,2019,1,28,84.6,48.01,36.57,18.16,55.52,58.49
2019-01-25,2019,1,25,84.14,47.69,34.98,17.71,54.98,57.96
2019-01-24,2019,1,24,84.03,47.52,33.66,18.12,54.21,57.46
2019-01-23,2019,1,23,82.88,47.3,31.65,17.24,51.02,57.42
2019-01-22,2019,1,22,83.34,47.1,32.74,17.37,50.54,58.06
2019-01-18,2019,1,18,85.59,48.11,33.97,17.6,51.57,59.36
2019-01-17,2019,1,17,86.74,48.22,33.58,17.45,50.59,60.31
2019-01-16,2019,1,16,86.36,47.5,32.84,17.35,49.78,60.76
2019-01-15,2019,1,15,81.2,47.83,32.1,17.16,49.61,58.56
2019-01-14,2019,1,14,79.91,47.75,31.71,17.15,48.76,58.83
2019-01-11,2019,1,11,80.07,48.56,31.8,17.25,48.52,60.11
2019-01-10,2019,1,10,81.37,48.73,32.04,17.15,48.99,60.75
2019-01-09,2019,1,9,83.76,48.47,33.42,17.23,49.08,59.45
2019-01-08,2019,1,8,82.38,47.47,32.42,16.85,47.54,57.06
2019-01-07,2019,1,7,83.23,47.85,32.95,16.69,47.87,57.67
2019-01-04,2019,1,4,82.68,47.79,32.04,16.55,47.86,56.1
2019-01-03,2019,1,3,80.0,45.61,30.06,15.93,45.61,53.96
2019-01-02,2019,1,2,84.18,50.09,32.48,16.2,47.14,57.84
2018-12-31,2018,12,31,83.73,49.9,32.11,16.06,46.48,57.92
2018-12-28,2018,12,28,83.17,50.18,31.83,16.0,46.76,57.52
2018-12-27,2018,12,27,83.04,50.5,32.04,15.99,46.8,57.1
2018-12-26,2018,12,26,83.8,50.41,32.29,16.07,46.72,57.76
2018-12-24,2018,12,24,79.12,47.96,29.72,15.19,44.4,54.28
2018-12-21,2018,12,21,81.47,49.45,30.78,15.53,45.95,54.79
2018-12-20,2018,12,20,84.41,50.91,31.89,16.14,47.07,56.01
2018-12-19,2018,12,19,86.37,51.93,32.42,16.59,48.78,57.79
2018-12-18,2018,12,18,87.8,52.95,33.54,16.79,49.6,58.55
2018-12-17,2018,12,17,86.21,52.39,32.04,16.52,49.39,58.14
2018-12-14,2018,12,14,87.74,53.51,32.41,16.83,50.09,59.01
2018-12-13,2018,12,13,87.48,53.55,32.46,17.27,50.34,60.66
2018-12-12,2018,12,12,89.63,56.27,34.35,17.65,50.9,60.97
2018-12-11,2018,12,11,88.14,55.89,34.1,17.92,51.08,61.43
2018-12-10,2018,12,10,88.55,56.32,33.84,17.95,51.14,60.42
2018-12-07,2018,12,7,88.23,56.07,33.57,17.89,51.36,59.67
2018-12-06,2018,12,6,93.03,58.08,36.94,18.85,53.6,64.59
2018-12-04,2018,12,4,91.94,56.94,36.69,18.74,52.8,63.13
2018-12-03,2018,12,3,96.46,60.12,39.65,19.24,54.37,64.56
2018-11-30,2018,11,30,96.7,60.71,40.16,19.52,54.61,64.12
2018-11-29,2018,11,29,95.07,58.86,38.42,19.03,53.23,62.0
2018-11-28,2018,11,28,94.48,58.87,38.94,19.03,53.08,62.43
2018-11-27,2018,11,27,93.38,58.31,38.29,18.7,52.79,58.76
2018-11-26,2018,11,26,91.75,56.71,38.1,18.5,52.76,50.98
2018-11-23,2018,11,23,94.84,57.16,37.95,18.35,52.68,51.56
2018-11-21,2018,11,21,92.86,55.97,36.31,18.05,52.25,50.85
2018-11-20,2018,11,20,91.77,55.41,35.59,17.6,51.57,49.14
2018-11-19,2018,11,19,92.09,56.19,35.82,17.73,52.39,51.19
2018-11-16,2018,11,16,92.26,55.9,36.75,18.03,52.58,52.44
2018-11-15,2018,11,15,91.98,56.1,37.82,18.17,53.23,53.1
2018-11-14,2018,11,14,91.79,56.43,38.11,18.17,52.48,52.75
2018-11-13,2018,11,13,92.6,56.82,37.78,18.21,52.73,53.41
2018-11-12,2018,11,12,91.2,56.7,36.86,17.99,51.89,52.96
2018-11-09,2018,11,9,92.35,56.65,36.22,18.1,52.49,52.99
2018-11-08,2018,11,8,92.56,56.73,36.86,18.23,52.72,53.33
2018-11-07,2018,11,7,92.16,56.79,36.97,18.2,52.88,53.4
2018-11-06,2018,11,6,89.64,55.47,35.17,17.86,51.86,53.63
2018-11-05,2018,11,5,89.47,56.05,35.72,17.86,51.42,53.91
2018-11-02,2018,11,2,88.68,56.12,36.33,17.66,51.82,53.69
2018-11-01,2018,11,1,88.04,56.04,36.37,17.23,50.95,52.38
2018-10-31,2018,10,31,85.51,54.73,35.08,16.73,49.1,51.9
2018-10-30,2018,10,30,85.85,55.12,34.66,17.08,49.15,52.76
2018-10-29,2018,10,29,84.99,53.42,32.6,16.16,47.91,52.09
2018-10-26,2018,10,26,84.63,53.28,32.46,16.28,49.58,52.52
2018-10-25,2018,10,25,85.6,53.71,32.37,16.45,49.91,53.23
2018-10-24,2018,10,24,82.19,51.51,30.34,15.82,54.59,47.69
2018-10-23,2018,10,23,86.33,53.45,32.38,16.63,57.48,50.59
2018-10-22,2018,10,22,88.61,54.24,32.16,16.57,57.87,51.03
2018-10-19,2018,10,19,87.43,53.39,32.04,16.52,58.13,50.78
2018-10-18,2018,10,18,87.09,53.13,32.06,16.34,57.96,49.8
2018-10-17,2018,10,17,88.49,54.3,33.57,16.87,59.2,50.97
2018-10-16,2018,10,16,83.52,53.11,33.28,16.86,58.94,50.37
2018-10-15,2018,10,15,81.34,51.84,31.78,16.48,57.68,48.99
2018-10-12,2018,10,12,80.18,52.05,30.91,16.36,57.38,47.07
2018-10-11,2018,10,11,80.12,51.48,31.27,16.21,57.03,46.5
2018-10-10,2018,10,10,78.93,49.71,31.61,16.63,57.33,44.91
2018-10-09,2018,10,9,81.43,50.86,33.55,17.38,59.49,43.83
2018-10-08,2018,10,8,83.68,52.14,35.9,17.98,60.62,43.95
2018-10-05,2018,10,5,84.14,52.7,36.44,18.1,61.05,44.39
2018-10-04,2018,10,4,86.04,53.56,37.92,18.48,61.58,44.43
2018-10-03,2018,10,3,87.39,54.32,38.8,18.53,61.68,44.85
2018-10-02,2018,10,2,86.71,54.69,38.5,18.93,61.18,44.54
2018-10-01,2018,10,1,87.61,56.6,39.61,18.99,61.7,45.54
2018-09-28,2018,9,28,89.06,57.83,41.33,19.36,62.45,46.97
2018-09-27,2018,9,27,88.34,58.0,41.5,19.38,62.71,47.58
2018-09-26,2018,9,26,88.97,57.51,41.04,19.17,62.09,47.27
2018-09-25,2018,9,25,87.92,57.1,40.81,19.3,61.65,46.83
2018-09-24,2018,9,24,87.84,57.41,41.98,19.49,62.06,46.45
2018-09-21,2018,9,21,89.94,59.61,43.6,19.89,63.77,48.29
2018-09-20,2018,9,20,89.12,58.13,41.89,19.91,62.5,48.48
2018-09-19,2018,9,19,89.35,57.9,41.6,19.89,63.11,49.01
2018-09-18,2018,9,18,90.11,57.83,40.79,19.74,63.05,48.33
2018-09-17,2018,9,17,90.16,57.96,40.32,19.64,63.1,49.27
2018-09-14,2018,9,14,90.33,57.93,39.74,19.18,62.43,49.2
2018-09-13,2018,9,13,89.58,57.82,39.48,19.22,62.36,49.09
2018-09-12,2018,9,12,87.8,57.39,39.26,18.97,61.37,48.79
2018-09-11,2018,9,11,89.12,58.27,40.18,19.04,62.98,48.47
2018-09-10,2018,9,10,88.09,57.56,39.43,19.02,62.51,48.27
2018-09-07,2018,9,7,87.68,56.86,38.43,18.8,61.9,47.59
2018-09-06,2018,9,6,87.13,56.44,38.48,18.96,61.03,47.5
2018-09-05,2018,9,5,88.19,57.21,39.67,19.07,61.4,47.51
2018-09-04,2018,9,4,88.3,58.88,40.77,19.22,61.99,47.85
2018-08-31,2018,8,31,87.42,58.48,40.48,19.08,61.3,47.52
2018-08-30,2018,8,30,86.92,58.44,40.4,19.16,60.82,47.55
2018-08-29,2018,8,29,87.11,58.52,40.5,19.21,61.22,47.52
2018-08-28,2018,8,28,86.82,58.79,40.69,19.01,61.33,47.22
2018-08-27,2018,8,27,85.94,57.75,39.52,18.61,60.91,46.08
2018-08-24,2018,8,24,85.14,57.18,38.82,18.63,60.99,45.65
2018-08-23,2018,8,23,84.74,56.94,38.83,18.9,61.01,45.89
2018-08-22,2018,8,22,84.53,56.91,39.19,18.95,60.61,45.2
2018-08-21,2018,8,21,85.66,57.6,40.33,19.3,61.0,46.65
2018-08-20,2018,8,20,85.22,57.42,39.99,19.26,61.63,45.86
2018-08-17,2018,8,17,82.01,55.65,37.79,18.8,59.68,44.7
2018-08-16,2018,8,16,81.9,55.45,38.16,18.66,59.52,43.9
2018-08-15,2018,8,15,81.87,55.23,37.44,18.5,60.33,44.57
2018-08-14,2018,8,14,81.44,54.76,37.09,18.32,59.09,44.55
2018-08-13,2018,8,13,81.21,54.22,36.79,18.17,58.84,43.8
2018-08-10,2018,8,10,81.72,54.71,37.26,18.45,58.99,43.94
2018-08-09,2018,8,9,82.75,55.34,37.92,18.5,58.99,43.85
2018-08-08,2018,8,8,82.79,55.23,38.38,18.46,58.82,43.88
2018-08-07,2018,8,7,82.32,54.7,38.26,18.21,58.09,43.33
2018-08-06,2018,8,6,81.83,54.42,38.41,18.35,57.79,43.31
2018-08-03,2018,8,3,81.34,54.26,38.42,18.25,57.41,42.6
2018-08-02,2018,8,2,80.85,53.91,37.93,17.81,56.69,43.11
2018-08-01,2018,8,1,80.02,53.59,38.14,17.55,56.52,42.67
2018-07-31,2018,7,31,80.4,54.42,39.54,18.0,58.16,43.44
2018-07-30,2018,7,30,80.07,53.79,38.97,17.91,57.9,42.69
2018-07-27,2018,7,27,80.01,54.46,39.69,18.05,58.38,42.94
2018-07-26,2018,7,26,81.24,53.98,40.02,17.98,56.7,42.85
2018-07-25,2018,7,25,80.56,51.66,38.19,17.22,52.29,41.41
2018-07-24,2018,7,24,80.04,51.68,37.45,17.79,51.91,40.57
2018-07-23,2018,7,23,81.59,52.24,38.04,19.81,53.56,41.64
2018-07-20,2018,7,20,80.91,51.99,37.88,19.84,53.43,40.28
2018-07-19,2018,7,19,80.59,53.0,38.13,19.83,53.78,40.49
2018-07-18,2018,7,18,79.0,52.8,38.37,19.97,53.9,41.01
2018-07-17,2018,7,17,72.62,51.14,37.38,19.52,53.22,40.06
2018-07-16,2018,7,16,72.26,50.67,37.28,19.4,53.08,39.04
2018-07-13,2018,7,13,72.1,50.77,37.12,19.28,53.09,41.02
2018-07-12,2018,7,12,71.04,50.73,36.33,19.15,52.77,39.83
2018-07-11,2018,7,11,68.88,49.84,35.96,19.29,52.53,36.13
2018-07-10,2018,7,10,71.3,50.6,39.12,19.5,53.0,37.4
2018-07-09,2018,7,9,71.79,50.51,39.31,19.64,53.26,37.88
2018-07-06,2018,7,6,70.96,49.58,38.09,19.45,52.74,37.66
2018-07-05,2018,7,5,70.92,49.26,37.99,19.28,51.86,37.5
2018-07-03,2018,7,3,70.16,48.78,37.75,19.12,51.52,37.06
2018-07-02,2018,7,2,70.92,49.92,38.36,19.1,51.54,37.12
2018-06-29,2018,6,29,69.73,49.54,37.96,18.98,50.88,36.35
2018-06-28,2018,6,28,69.44,49.8,38.2,18.86,50.7,35.37
2018-06-27,2018,6,27,69.57,49.89,38.26,18.92,50.37,35.4
2018-06-26,2018,6,26,71.02,51.07,39.09,18.75,51.17,35.59
2018-06-25,2018,6,25,71.33,51.31,39.68,18.79,51.28,36.33
2018-06-22,2018,6,22,72.94,52.72,41.35,18.98,51.91,38.6
2018-06-21,2018,6,21,74.42,53.73,41.49,19.27,53.15,38.63
2018-06-20,2018,6,20,74.07,53.84,42.03,19.02,52.0,38.79
2018-06-19,2018,6,19,73.0,53.78,41.51,18.97,51.71,38.55
2018-06-18,2018,6,18,74.49,54.8,42.44,19.18,52.37,39.42
2018-06-15,2018,6,15,73.89,55.18,42.77,19.19,52.18,39.61
2018-06-14,2018,6,14,73.02,54.9,43.08,19.04,51.94,38.17
2018-06-13,2018,6,13,72.5,54.65,42.92,18.99,51.35,37.44
2018-06-12,2018,6,12,72.39,54.55,43.41,18.94,50.97,37.64
2018-06-11,2018,6,11,72.15,54.89,44.16,19.08,50.98,37.83
2018-06-08,2018,6,8,69.99,54.09,43.11,18.84,50.48,37.05
2018-06-07,2018,6,7,69.54,53.46,43.84,18.77,50.64,37.18
2018-06-06,2018,6,6,70.36,54.17,44.19,18.77,50.75,37.21
2018-06-05,2018,6,5,69.32,54.67,44.18,18.86,50.9,36.96
2018-06-04,2018,6,4,69.98,55.19,44.86,19.11,51.65,37.91
2018-06-01,2018,6,1,69.25,54.42,44.0,18.77,50.96,37.04
2018-05-31,2018,5,31,69.59,54.05,43.54,18.89,51.08,36.69
2018-05-30,2018,5,30,69.8,54.31,43.3,18.98,51.33,36.77
2018-05-29,2018,5,29,69.52,54.23,43.59,19.2,51.49,37.31
2018-05-25,2018,5,25,71.68,55.87,44.91,19.41,52.86,38.03
2018-05-24,2018,5,24,70.47,54.4,43.56,19.04,51.21,36.68
2018-05-23,2018,5,23,69.54,53.4,42.8,18.67,50.32,36.39
2018-05-22,2018,5,22,69.99,53.52,42.88,18.89,50.85,36.39
2018-05-21,2018,5,21,70.07,53.98,44.28,19.18,52.22,37.37
2018-05-18,2018,5,18,68.42,52.95,43.38,19.04,52.19,37.15
2018-05-17,2018,5,17,69.49,53.1,43.63,19.32,52.47,37.13
2018-05-16,2018,5,16,69.74,53.48,44.06,19.47,53.01,36.94
2018-05-15,2018,5,15,68.03,52.37,43.19,19.01,51.7,36.09
2018-05-14,2018,5,14,66.64,52.09,42.46,18.87,52.2,35.96
2018-05-11,2018,5,11,66.92,52.9,42.6,18.98,52.46,36.63
2018-05-10,2018,5,10,66.02,52.06,42.04,18.81,51.94,36.33
2018-05-09,2018,5,9,65.8,51.62,41.5,18.71,51.56,35.9
2018-05-08,2018,5,8,67.72,52.37,43.0,19.25,52.33,36.77
2018-05-07,2018,5,7,67.52,51.9,42.44,19.25,52.0,36.74
2018-05-04,2018,5,4,68.32,52.34,42.86,19.36,52.78,36.39
2018-05-03,2018,5,3,67.52,51.79,42.11,19.21,52.24,34.98
2018-05-02,2018,5,2,67.92,52.36,42.24,19.34,52.21,35.73
2018-05-01,2018,5,1,68.38,52.74,43.36,19.44,52.94,36.37
2018-04-30,2018,4,30,67.54,52.22,42.93,19.19,52.83,35.72
2018-04-27,2018,4,27,67.86,53.5,43.4,19.28,53.53,35.49
2018-04-26,2018,4,26,66.62,53.13,42.37,19.17,53.3,35.4
2018-04-25,2018,4,25,68.51,54.65,45.25,19.17,53.83,37.63
2018-04-24,2018,4,24,68.95,53.81,45.69,19.53,53.88,38.24
2018-04-23,2018,4,23,70.33,54.61,46.68,19.91,54.98,38.82
2018-04-20,2018,4,20,71.75,55.4,46.78,19.86,54.77,38.43
2018-04-19,2018,4,19,70.23,55.07,46.88,19.66,54.8,38.0
2018-04-18,2018,4,18,70.58,55.21,47.76,19.97,55.82,38.24
2018-04-17,2018,4,17,67.34,54.55,45.75,19.81,54.27,36.84
2018-04-16,2018,4,16,67.31,54.3,46.4,19.77,54.89,37.09
2018-04-13,2018,4,13,66.54,52.92,45.87,19.51,55.07,36.15
2018-04-12,2018,4,12,66.1,52.98,46.57,19.55,54.94,36.29
2018-04-11,2018,4,11,64.87,51.47,45.4,19.33,53.5,35.75
2018-04-10,2018,4,10,67.59,52.36,47.46,19.36,54.13,35.25
2018-04-09,2018,4,9,68.52,52.56,49.82,19.48,54.85,35.75
2018-04-06,2018,4,6,68.63,53.05,50.29,19.95,55.29,37.74
2018-04-05,2018,4,5,70.69,54.21,52.14,20.64,56.86,38.3
2018-04-04,2018,4,4,69.99,53.86,52.04,20.48,56.36,37.7
2018-04-03,2018,4,3,69.19,53.72,51.47,20.15,55.97,37.22
2018-04-02,2018,4,2,66.77,51.95,49.78,19.73,54.34,36.35
2018-03-29,2018,3,29,69.47,54.81,51.96,20.32,57.28,37.78
2018-03-28,2018,3,28,67.91,53.93,50.85,20.17,56.25,36.99
2018-03-27,2018,3,27,68.18,54.26,50.9,19.95,56.69,37.19
2018-03-26,2018,3,26,68.48,55.06,51.86,20.48,57.59,38.27
2018-03-23,2018,3,23,67.39,53.9,51.01,20.84,56.72,39.96
2018-03-22,2018,3,22,68.45,54.67,52.31,21.27,57.0,41.27
2018-03-21,2018,3,21,69.94,55.95,54.09,21.78,57.78,43.19
2018-03-20,2018,3,20,70.48,56.5,55.32,22.3,60.69,44.82
2018-03-19,2018,3,19,70.13,55.96,54.62,22.17,60.6,44.44
2018-03-16,2018,3,16,70.88,56.69,55.4,22.59,60.9,45.12
2018-03-15,2018,3,15,70.14,56.34,55.17,22.26,59.94,44.28
2018-03-14,2018,3,14,70.74,56.15,55.28,22.34,59.62,44.42
2018-03-13,2018,3,13,72.6,56.59,56.23,22.35,60.33,45.09
2018-03-12,2018,3,12,72.0,56.16,56.5,22.04,59.76,43.28
2018-03-09,2018,3,9,71.55,56.09,56.07,22.0,59.7,43.0
2018-03-08,2018,3,8,69.87,54.64,54.79,21.71,58.37,42.97
2018-03-07,2018,3,7,67.81,53.53,54.11,21.5,57.57,41.92
2018-03-06,2018,3,6,67.52,53.84,53.57,21.44,58.25,42.16
2018-03-05,2018,3,5,67.21,53.79,53.19,21.27,58.38,41.72
2018-03-02,2018,3,2,67.51,53.26,53.18,21.29,57.81,41.85
2018-03-01,2018,3,1,67.54,53.35,53.48,21.08,58.01,40.5
2018-02-28,2018,2,28,67.79,53.9,54.25,21.05,57.84,39.84
2018-02-27,2018,2,27,67.86,53.62,54.26,21.35,58.48,38.75
2018-02-26,2018,2,26,69.26,54.69,55.0,21.73,59.5,40.08
2018-02-23,2018,2,23,67.57,53.46,53.39,21.32,57.99,39.49
2018-02-22,2018,2,22,66.7,52.55,52.98,20.85,57.32,39.48
2018-02-21,2018,2,21,67.0,53.16,52.78,20.74,58.03,39.91
2018-02-20,2018,2,20,66.59,52.47,51.72,20.02,57.73,38.9
2018-02-16,2018,2,16,66.52,52.85,51.58,20.3,58.27,39.72
2018-02-15,2018,2,15,66.74,52.95,51.67,20.3,58.18,39.64
2018-02-14,2018,2,14,65.68,52.2,51.07,20.14,57.73,39.52
2018-02-13,2018,2,13,65.7,52.17,50.87,19.96,57.16,39.09
2018-02-12,2018,2,12,64.14,52.05,50.09,19.87,56.81,39.91
2018-02-09,2018,2,9,62.98,50.46,48.36,19.89,55.5,39.25
2018-02-08,2018,2,8,63.37,51.23,48.6,19.83,55.63,39.06
2018-02-07,2018,2,7,65.36,53.85,51.4,20.385,57.89,40.3
2018-02-06,2018,2,6,63.95,53.1,51.18,20.35,58.14,40.42
2018-02-05,2018,2,5,63.4,52.52,49.76,19.82,56.99,39.88
2018-02-02,2018,2,2,65.68,54.62,52.1,20.33,58.71,41.07
2018-02-01,2018,2,1,67.15,56.42,53.88,20.94,60.31,42.02
2018-01-31,2018,1,31,67.82,56.77,54.32,20.86,60.8,42.12
2018-01-30,2018,1,30,67.01,56.12,52.59,20.65,59.83,41.83
2018-01-29,2018,1,29,65.78,55.76,52.68,20.28,60.36,41.42
2018-01-26,2018,1,26,66.56,55.26,53.07,20.5,60.82,41.48
2018-01-25,2018,1,25,66.08,54.81,53.05,20.69,60.19,40.18
2018-01-24,2018,1,24,69.05,56.8,54.79,22.05,62.21,41.53
2018-01-23,2018,1,23,77.97,59.93,58.29,22.53,65.26,44.59
2018-01-22,2018,1,22,76.87,60.13,58.1,22.59,64.89,43.33
2018-01-19,2018,1,19,76.5,60.01,58.06,22.57,65.05,45.19
2018-01-18,2018,1,18,76.3,59.45,58.34,22.48,65.06,44.96
2018-01-17,2018,1,17,76.58,59.72,58.16,22.45,66.07,44.89
2018-01-16,2018,1,16,77.49,59.35,57.98,22.3,65.47,46.21
2018-01-12,2018,1,12,78.4,59.83,58.47,22.93,65.36,48.26
2018-01-11,2018,1,11,76.45,58.52,56.42,22.34,64.84,47.57
2018-01-10,2018,1,10,73.08,55.86,53.78,21.59,62.96,44.91
2018-01-09,2018,1,9,68.48,54.17,52.08,21.47,62.38,43.59
2018-01-08,2018,1,8,68.51,54.68,52.13,21.28,64.0,43.23
2018-01-05,2018,1,5,69.36,55.97,52.65,21.38,64.32,43.63
2018-01-04,2018,1,4,69.26,55.69,52.67,21.69,64.7,43.5
2018-01-03,2018,1,3,68.49,55.69,52.34,21.59,64.91,44.14
2018-01-02,2018,1,2,68.94,56.74,52.99,22.38,66.29,45.6
